,om,yr,mo,dy,date,time,tz,st,stf,mag,inj,fat,permanent_fat,mobile_fat,other_fat,unknown_fat,loss,closs,slon,slat,elon,elat,len,wid,kind,stroke,DateTim,Hour,Year,Length,Width,cas
2,6,1995,1,6,1995-01-06,22:15:00,3,NC,37,0,3,1,0,0,0,1,5,0,-78.55,34.7,-78.54,34.71,2,150,Tornado,#888888,1995-01-07,22,1995,3218.68,107.7252121,4
7,12,1995,1,7,1995-01-07,3:50:00,3,FL,12,2,20,1,0,0,1,0,6,0,-82.12,29,-81.92,29,12,440,Tornado,#008000,1995-01-07,3,1995,19312.08,315.9939555,21
8,27,1995,1,18,1995-01-18,13:55:00,3,LA,22,1,0,1,0,0,0,1,0,0,-92.5,31.15,-92.35,31.2,5,20,Tornado,#0000FF,1995-01-18,13,1995,8046.7,14.36336161,1
10,41,1995,2,16,1995-02-16,4:59:00,3,AL,1,3,130,6,1,5,0,0,6,0,-86.58,34.25,-86.32,34.27,14,703,Tornado,#FFAA00,1995-02-16,4,1995,22530.76,504.8721607,136
15,102,1995,4,11,1995-04-11,4:15:00,3,MS,28,1,0,1,0,1,0,0,0,0,-90.05,31.12,-89.95,31.12,5,30,Tornado,#0000FF,1995-04-11,4,1995,8046.7,21.54504242,1
25,232,1995,5,7,1995-05-07,0:40:00,3,TX,48,2,12,1,0,0,0,1,5,0,-102,34.98,-101.87,35.17,12,200,Tornado,#008000,1995-05-07,0,1995,19312.08,143.6336161,13
26,240,1995,5,7,1995-05-07,15:10:00,3,TX,48,3,11,2,0,0,0,2,6,0,-97.53,33.52,-97.43,33.8,26,880,Tornado,#FFAA00,1995-05-07,15,1995,41842.84,631.9879109,13
27,241,1995,5,7,1995-05-07,15:20:00,3,TX,48,3,6,3,0,0,0,3,8,0,-97.43,33.8,-97.17,34.2,34.1,880,Tornado,#FFAA00,1995-05-07,15,1995,54878.494,631.9879109,9
45,366,1995,5,13,1995-05-13,21:58:00,3,IN,18,2,10,3,3,0,0,0,6,0,-86.9,39.98,-86.57,39.97,14,250,Tornado,#008000,1995-05-14,21,1995,22530.76,179.5420202,13
57,474,1995,5,18,1995-05-18,15:52:00,3,TN,47,4,32,3,1,0,2,0,6,0,-87.48,35,-87.17,35.35,29,1000,Tornado,#FF0000,1995-05-18,15,1995,46670.86,718.1680806,35
59,481,1995,5,18,1995-05-18,16:33:00,3,AL,1,4,55,1,0,1,0,0,6,0,-87.03,34.83,-86.25,34.8,39,1300,Tornado,#FF0000,1995-05-18,16,1995,62764.26,933.6185048,56
67,597,1995,5,29,1995-05-29,16:06:00,3,MA,25,4,24,3,0,0,3,0,7,0,-73.43,42.2,-73.17,42.17,11.5,300,Tornado,#FF0000,1995-05-29,16,1995,18507.41,215.4504242,27
89,1071,1995,10,4,1995-10-04,11:30:00,3,FL,12,2,3,1,1,0,0,0,5,0,-86.6,30.75,-86.59,30.76,1.8,170,Tornado,#008000,1995-10-04,11,1995,2896.812,122.0885737,4
104,1185,1995,11,10,1995-11-10,23:02:00,3,AR,5,2,1,2,2,0,0,0,0,0,-91.53,35.03,-91.4,35.05,8.5,100,Tornado,#008000,1995-11-11,23,1995,13679.39,71.81680806,3
115,1233,1995,12,19,1995-12-19,2:15:00,3,FL,12,2,1,1,0,1,0,0,4,0,-84.68,30.68,-84.67,30.69,0.3,50,Tornado,#008000,1995-12-19,2,1995,482.802,35.90840403,2
125,26,1996,1,26,1996-01-26,17:27:00,3,AL,1,1,3,1,0,1,0,0,0.1,0,-88.23,31,-88.23,31,2,500,Tornado,#0000FF,1996-01-26,17,1996,3218.68,359.0840403,4
126,38,1996,2,2,1996-02-02,17:15:00,3,FL,12,0,0,1,0,0,1,0,0.02,0,-81.65,29.78,-81.57,29.82,6.5,10,Tornado,#888888,1996-02-02,17,1996,10460.71,7.181680806,1
132,69,1996,3,6,1996-03-06,3:42:00,3,AL,1,3,40,4,2,2,0,0,8,0,-87.23,32.42,-86.97,32.5,19,400,Tornado,#FFAA00,1996-03-06,3,1996,30577.46,287.2672322,44
133,73,1996,3,6,1996-03-06,5:20:00,3,AL,1,2,17,2,0,2,0,0,1.5,0,-86.13,32.33,-86.08,32.38,4,200,Tornado,#008000,1996-03-06,5,1996,6437.36,143.6336161,19
144,180,1996,4,14,1996-04-14,18:10:00,3,AR,5,4,35,7,3,4,0,0,3,0,-92.35,35.82,-91.72,36.2,44,880,Tornado,#FF0000,1996-04-14,18,1996,70810.96,631.9879109,42
157,205,1996,4,19,1996-04-19,19:55:00,3,IL,17,3,13,1,0,0,1,0,0,0,-87.95,40.12,-87.95,40.13,2,1500,Tornado,#FFAA00,1996-04-19,19,1996,3218.68,1077.252121,14
166,1124,1996,4,21,1996-04-21,22:12:00,3,OK,40,3,89,2,2,0,0,0,150,0,-94.45,35.38,-94.28,35.52,10.1,1050,Tornado,#FFAA00,1996-04-22,22,1996,16254.334,754.0764846,91
168,730,1996,4,21,1996-04-21,23:15:00,3,AR,5,3,6,2,0,2,0,0,1,0,-93.77,35.77,-93.57,35.93,15,1050,Tornado,#FFAA00,1996-04-22,23,1996,24140.1,754.0764846,8
179,293,1996,5,12,1996-05-12,20:10:00,3,FL,12,0,0,1,0,1,0,0,0.05,0,-80.92,27.18,-80.83,27.25,0.1,20,Tornado,#888888,1996-05-13,20,1996,160.934,14.36336161,1
189,470,1996,7,18,1996-07-18,18:05:00,3,WI,55,2,1,1,1,0,0,0,0.45,0,-88.27,43.95,-88.17,43.9,6.4,200,Tornado,#008000,1996-07-18,18,1996,10299.776,143.6336161,2
220,834,1996,11,8,1996-11-08,4:35:00,3,GA,13,2,6,1,0,1,0,0,0.2,0,-83.17,32.38,-83.13,32.42,4,50,Tornado,#008000,1996-11-08,4,1996,6437.36,35.90840403,7
225,964,1996,11,30,1996-11-30,14:14:00,3,LA,22,2,9,2,0,0,2,0,2,0,-92.78,32.53,-92.67,32.63,10,250,Tornado,#008000,1996-11-30,14,1996,16093.4,179.5420202,11
227,980,1996,12,7,1996-12-07,13:58:00,3,FL,12,2,0,1,0,1,0,0,0.1,0,-82.3,27.83,-82.3,27.83,2,83,Tornado,#008000,1996-12-07,13,1996,3218.68,59.60795069,1
229,6,1997,1,4,1997-01-04,22:55:00,3,KY,21,1,2,1,0,1,0,0,0.05,0,-85.15,36.68,-85.15,36.68,0.3,100,Tornado,#0000FF,1997-01-05,22,1997,482.802,71.81680806,3
237,17,1997,1,24,1997-01-24,17:00:00,3,AL,1,2,10,1,0,0,1,0,5,0,-87.57,33.13,-87.43,33.25,10,200,Tornado,#008000,1997-01-24,17,1997,16093.4,143.6336161,11
244,63,1997,2,20,1997-02-20,19:59:00,3,AR,5,1,3,1,0,1,0,0,0.25,0,-94.02,35.13,-94.02,35.17,5,100,Tornado,#0000FF,1997-02-21,19,1997,8046.7,71.81680806,4
246,664,1997,3,1,1997-03-01,1:00:00,3,MS,28,1,4,1,0,1,0,0,0.1,0,-89.22,34.1,-88.88,34.37,15,400,Tornado,#0000FF,1997-03-01,1,1997,24140.1,287.2672322,5
251,150,1997,3,1,1997-03-01,14:20:00,3,AR,5,4,100,6,2,2,2,0,0,0,-93.33,33.9,-93.02,34.15,27,1053,Tornado,#FF0000,1997-03-01,14,1997,43452.18,756.2309889,106
255,156,1997,3,1,1997-03-01,15:25:00,3,AR,5,4,40,10,4,3,3,0,0,0,-92.52,34.52,-92.35,34.65,14,1407,Tornado,#FF0000,1997-03-01,15,1997,22530.76,1010.462489,50
256,168,1997,3,1,1997-03-01,15:25:00,3,AR,5,2,30,2,0,0,2,0,0,0,-91.58,35.43,-91.5,35.55,8.5,1053,Tornado,#008000,1997-03-01,15,1997,13679.39,756.2309889,32
259,161,1997,3,1,1997-03-01,15:41:00,3,AR,5,4,180,5,2,1,2,0,0,0,-92.35,34.62,-92.2,34.75,11,1407,Tornado,#FF0000,1997-03-01,15,1997,17702.74,1010.462489,185
260,170,1997,3,1,1997-03-01,15:42:00,3,AR,5,2,30,1,0,1,0,0,0,0,-91.37,35.6,-91.03,35.82,23,880,Tornado,#008000,1997-03-01,15,1997,37014.82,631.9879109,31
264,671,1997,3,1,1997-03-01,16:45:00,3,AR,5,3,5,1,0,0,1,0,0.5,0,-90.83,35.98,-90.35,36.2,15,200,Tornado,#FFAA00,1997-03-01,16,1997,24140.1,143.6336161,6
265,675,1997,3,1,1997-03-01,19:00:00,3,TN,47,4,15,1,0,1,0,0,2,0,-89.67,35.95,-89.18,36.12,15,200,Tornado,#FF0000,1997-03-02,19,1997,24140.1,143.6336161,16
267,649,1997,3,28,1997-03-28,18:04:00,3,KY,21,3,14,1,1,0,0,0,1.4,0,-85.92,37.37,-85.77,37.43,9,1200,Tornado,#FFAA00,1997-03-28,18,1997,14484.06,861.8016967,15
269,94,1997,3,28,1997-03-28,19:15:00,3,KY,21,2,6,1,0,1,0,0,3,0,-85.32,37.18,-85.08,37.22,10,200,Tornado,#008000,1997-03-29,19,1997,16093.4,143.6336161,7
274,731,1997,4,10,1997-04-10,20:35:00,3,TX,48,1,1,1,0,1,0,0,0.03,0,-101.12,33.48,-101.12,33.48,0.2,50,Tornado,#0000FF,1997-04-11,20,1997,321.868,35.90840403,2
285,147,1997,5,2,1997-05-02,17:40:00,3,GA,13,1,3,1,0,1,0,0,0.1,0,-85.37,34.8,-85.3,34.87,10,100,Tornado,#0000FF,1997-05-02,17,1997,16093.4,71.81680806,4
293,718,1997,5,27,1997-05-27,14:40:00,3,TX,48,5,12,27,27,0,0,0,40,0,-97.62,30.82,-97.67,30.77,5.1,650,Tornado,#FF00FF,1997-05-27,14,1997,8207.634,466.8092524,39
295,722,1997,5,27,1997-05-27,15:50:00,3,TX,48,4,5,1,0,1,0,0,15,0,-98.02,30.37,-97.98,30.33,5.6,440,Tornado,#FF0000,1997-05-27,15,1997,9012.304,315.9939555,6
307,843,1997,7,2,1997-07-02,14:45:00,3,MI,26,3,1,1,0,0,1,0,3.8,0,-83.62,43.18,-83.62,43.18,1.7,1500,Tornado,#FFAA00,1997-07-02,14,1997,2735.878,1077.252121,2
308,846,1997,7,2,1997-07-02,15:32:00,3,MI,26,1,0,1,0,1,0,0,2,0,-83.57,42.83,-83.57,42.83,0.3,23,Tornado,#0000FF,1997-07-02,15,1997,482.802,16.51786585,1
315,912,1997,7,23,1997-07-23,18:26:00,3,ND,38,2,2,1,0,0,1,0,0.05,0,-101.7,48.5,-101.7,48.5,0.2,30,Tornado,#008000,1997-07-23,18,1997,321.868,21.54504242,3
316,793,1997,7,23,1997-07-23,21:53:00,3,SC,45,2,6,1,1,0,0,0,0.92,0,-81.05,33.85,-81.02,33.88,3.5,200,Tornado,#008000,1997-07-24,21,1997,5632.69,143.6336161,7
322,484,1997,8,16,1997-08-16,13:10:00,3,PA,42,1,0,1,0,0,1,0,0,0,-76.48,41.38,-76.48,41.38,0.5,50,Tornado,#0000FF,1997-08-16,13,1997,804.67,35.90840403,1
323,1048,1997,9,18,1997-09-18,17:15:00,3,MN,27,3,1,1,1,0,0,0,1.7,0,-94.05,46.07,-93.67,46.08,17,800,Tornado,#FFAA00,1997-09-18,17,1997,27358.78,574.5344645,2
354,887,1998,2,22,1998-02-22,21:55:00,3,FL,12,2,3,1,0,1,0,0,4,0,-81.1,29.17,-81.03,29.22,8,150,Tornado,#008000,1998-02-23,21,1998,12874.72,107.7252121,4
355,888,1998,2,22,1998-02-22,22:37:00,3,FL,12,3,70,3,0,3,0,0,15,0,-81.72,28.48,-81.45,28.63,18,200,Tornado,#FFAA00,1998-02-23,22,1998,28968.12,143.6336161,73
356,890,1998,2,22,1998-02-22,23:10:00,3,FL,12,3,36,13,1,12,0,0,31,0,-81.35,28.7,-81.15,28.8,16,200,Tornado,#FFAA00,1998-02-23,23,1998,25749.44,143.6336161,49
357,893,1998,2,22,1998-02-22,23:40:00,3,FL,12,3,150,25,0,14,11,0,55,0,-81.48,28.23,-80.9,28.48,28,250,Tornado,#FFAA00,1998-02-23,23,1998,45061.52,179.5420202,175
364,761,1998,3,20,1998-03-20,5:25:00,3,GA,13,3,171,12,0,11,1,0,20,0,-83.9,34.38,-83.7,34.53,4,100,Tornado,#FFAA00,1998-03-20,5,1998,6437.36,71.81680806,183
366,771,1998,3,20,1998-03-20,14:25:00,3,NC,37,3,27,2,1,0,1,0,34,0,-79.98,36.4,-79.78,36.53,12,300,Tornado,#FFAA00,1998-03-20,14,1998,19312.08,215.4504242,29
371,767,1998,3,29,1998-03-29,15:50:00,3,MN,27,4,19,1,1,0,0,0,75.05,0,-95.53,43.95,-94.27,44.27,73.5,1500,Tornado,#FF0000,1998-03-29,15,1998,118286.49,1077.252121,20
372,789,1998,3,29,1998-03-29,17:18:00,3,MN,27,3,0,1,0,0,1,0,120,0,-94.17,44.28,-93.95,44.33,12,2200,Tornado,#FFAA00,1998-03-29,17,1998,19312.08,1579.969777,1
376,1036,1998,4,1,1998-04-01,18:00:00,3,VA,51,3,0,2,2,0,0,0,0.8,0,-77.62,37.88,-77.53,37.88,5,400,Tornado,#FFAA00,1998-04-01,18,1998,8046.7,287.2672322,2
383,833,1998,4,8,1998-04-08,18:42:00,3,AL,1,5,259,32,29,3,0,0,200.03,0,-87.35,33.42,-86.87,33.58,30.3,1320,Tornado,#FF00FF,1998-04-08,18,1998,48763.002,947.9818664,291
384,117,1998,4,8,1998-04-08,19:56:00,3,AL,1,2,12,2,0,2,0,0,2,0,-86.48,33.62,-86.25,33.63,14.4,200,Tornado,#008000,1998-04-08,19,1998,23174.496,143.6336161,14
386,779,1998,4,8,1998-04-08,22:35:00,3,GA,13,2,10,1,1,0,0,0,75,0,-84.33,33.95,-83.98,34.02,19,800,Tornado,#008000,1998-04-09,22,1998,30577.46,574.5344645,11
387,818,1998,4,9,1998-04-09,3:45:00,3,GA,13,3,17,2,0,2,0,0,2.7,0,-81.58,32.17,-81.3,32.23,8,440,Tornado,#FFAA00,1998-04-09,3,1998,12874.72,315.9939555,19
388,820,1998,4,9,1998-04-09,4:35:00,3,GA,13,2,31,4,0,3,1,0,38.2,0,-81.78,31.83,-81.32,31.93,24.5,400,Tornado,#008000,1998-04-09,4,1998,39428.83,287.2672322,35
393,874,1998,4,16,1998-04-16,1:50:00,3,AR,5,4,12,2,0,2,0,0,0.35,0,-90.18,35.87,-90.13,35.9,5,400,Tornado,#FF0000,1998-04-16,1,1998,8046.7,287.2672322,14
394,877,1998,4,16,1998-04-16,3:00:00,3,TN,47,3,3,2,0,2,0,0,0.25,0,-89.32,36.03,-89.25,36.03,4,100,Tornado,#FFAA00,1998-04-16,3,1998,6437.36,71.81680806,5
397,930,1998,4,16,1998-04-16,14:30:00,3,TN,47,3,60,1,0,0,1,0,101,0,-86.92,36.07,-86.12,36.37,42.1,880,Tornado,#FFAA00,1998-04-16,14,1998,67753.214,631.9879109,61
398,783,1998,4,16,1998-04-16,14:35:00,3,KY,21,3,9,2,0,1,1,0,10.21,0,-86.78,36.92,-85.72,36.98,48,100,Tornado,#FFAA00,1998-04-16,14,1998,77248.32,71.81680806,11
399,935,1998,4,16,1998-04-16,15:50:00,3,TN,47,5,36,3,1,2,0,0,13,0,-88.02,35.22,-86.9,35.55,69.4,1760,Tornado,#FF00FF,1998-04-16,15,1998,111688.196,1263.975822,39
400,786,1998,4,16,1998-04-16,15:53:00,3,KY,21,2,0,1,1,0,0,0,5,0,-85.7,37,-85.57,36.98,8,100,Tornado,#008000,1998-04-16,15,1998,12874.72,71.81680806,1
404,154,1998,4,16,1998-04-16,22:20:00,3,TN,47,1,0,1,1,0,0,0,0.75,0,-85,35.17,-84.77,35.27,11.5,50,Tornado,#0000FF,1998-04-17,22,1998,18507.41,35.90840403,1
416,811,1998,5,7,1998-05-07,18:15:00,3,SC,45,3,9,1,0,1,0,0,1,0,-82.07,33.67,-81.85,33.65,12,880,Tornado,#FFAA00,1998-05-07,18,1998,19312.08,631.9879109,10
417,840,1998,5,10,1998-05-10,15:20:00,3,SC,45,2,7,1,0,1,0,0,5,0,-80.18,33.02,-80.03,32.98,10.5,670,Tornado,#008000,1998-05-10,15,1998,16898.07,481.172614,8
418,1091,1998,5,15,1998-05-15,15:40:00,3,MN,27,1,30,1,0,0,1,0,0.75,0,-94.57,45.63,-94.57,45.78,9,30,Tornado,#0000FF,1998-05-15,15,1998,14484.06,21.54504242,31
429,1009,1998,5,30,1998-05-30,19:26:00,3,SD,46,4,150,6,6,0,0,0,18,0,-97.68,43.75,-97.43,43.7,14,1150,Tornado,#FF0000,1998-05-30,19,1998,22530.76,825.8932927,156
436,311,1998,5,31,1998-05-31,18:50:00,3,PA,42,3,15,1,0,0,1,0,4,0,-79.08,39.75,-78.97,39.73,13,880,Tornado,#FFAA00,1998-05-31,18,1998,20921.42,631.9879109,16
442,1142,1998,6,2,1998-06-02,20:00:00,3,PA,42,3,15,2,2,0,0,0,2.2,0,-76.05,41.62,-75.8,41.57,26,500,Tornado,#FFAA00,1998-06-03,20,1998,41842.84,359.0840403,17
462,637,1998,6,27,1998-06-27,18:05:00,3,OH,39,2,1,1,0,1,0,0,0.07,0,-81.38,39.8,-81.38,39.8,0.3,200,Tornado,#008000,1998-06-27,18,1998,482.802,143.6336161,2
470,1250,1998,9,3,1998-09-03,6:28:00,3,SC,45,2,4,1,0,1,0,0,0.36,0,-80.43,32.35,-80.45,32.52,18,80,Tornado,#008000,1998-09-03,6,1998,28968.12,57.45344645,5
474,1310,1998,9,10,1998-09-10,17:15:00,3,LA,22,2,6,1,0,1,0,0,0.5,0,-90.35,29.55,-90.4,29.57,4,50,Tornado,#008000,1998-09-10,17,1998,6437.36,35.90840403,7
494,660,1998,10,17,1998-10-17,9:15:00,3,TX,48,2,4,1,0,1,0,0,0.1,0,-96.63,31.97,-96.63,31.97,3.5,100,Tornado,#008000,1998-10-17,9,1998,5632.69,71.81680806,5
496,1318,1998,10,18,1998-10-18,5:25:00,3,TX,48,2,1,1,0,1,0,0,0.07,0,-95.93,29.82,-95.93,29.82,1,50,Tornado,#008000,1998-10-18,5,1998,1609.34,35.90840403,2
504,49,1999,1,2,1999-01-02,0:45:00,3,TX,48,2,10,1,0,1,0,0,1.27,0,-93.97,30.35,-93.77,30.52,4.5,250,Tornado,#008000,1999-01-02,0,1999,7242.03,179.5420202,11
513,748,1999,1,17,1999-01-17,18:25:00,3,TN,47,4,106,6,4,1,1,0,10,0,-88.88,35.58,-88.68,35.63,16,500,Tornado,#FF0000,1999-01-17,18,1999,25749.44,359.0840403,112
514,751,1999,1,17,1999-01-17,18:35:00,3,TN,47,1,4,1,0,1,0,0,0.41,0,-89.18,35.02,-88.97,35.07,12,350,Tornado,#0000FF,1999-01-17,18,1999,19312.08,251.3588282,5
516,750,1999,1,17,1999-01-17,19:05:00,3,TN,47,1,1,1,0,1,0,0,0.75,0,-88.67,35.97,-88.55,35.98,10,0,Tornado,#0000FF,1999-01-18,19,1999,16093.4,0.7181680806,2
520,81,1999,1,21,1999-01-21,16:46:00,3,AR,5,2,2,2,0,1,1,0,0,0,-91.95,35.2,-91.87,35.28,16,0,Tornado,#008000,1999-01-21,16,1999,25749.44,0.7181680806,4
524,100,1999,1,21,1999-01-21,18:20:00,3,AR,5,2,3,1,0,1,0,0,0,0,-91.7,35.5,-91.57,35.6,11,350,Tornado,#008000,1999-01-21,18,1999,17702.74,251.3588282,4
525,103,1999,1,21,1999-01-21,18:24:00,3,AR,5,3,72,3,0,1,2,0,0,0,-92.42,34.55,-92.22,34.82,39,417,Tornado,#FFAA00,1999-01-21,18,1999,62764.26,299.4760896,75
528,113,1999,1,21,1999-01-21,19:25:00,3,AR,5,3,29,2,2,0,0,0,0,0,-91.92,35.05,-91.8,35.13,8,1000,Tornado,#FFAA00,1999-01-22,19,1999,12874.72,718.1680806,31
534,790,1999,1,22,1999-01-22,3:20:00,3,TN,47,3,5,1,0,0,1,0,1,0,-88.17,36.05,-88,36.23,15,220,Tornado,#FFAA00,1999-01-22,3,1999,24140.1,157.9969777,6
539,187,1999,3,2,1999-03-02,18:55:00,3,TX,48,3,6,1,1,0,0,0,0.75,0,-93.9,30.9,-93.82,30.9,12,500,Tornado,#FFAA00,1999-03-02,18,1999,19312.08,359.0840403,7
545,227,1999,4,3,1999-04-03,15:52:00,3,LA,22,4,102,7,0,6,1,0,7.94,0,-93.83,32.53,-93.6,32.75,19.3,200,Tornado,#FF0000,1999-04-03,15,1999,31060.262,143.6336161,109
560,925,1999,4,8,1999-04-08,19:45:00,3,IL,17,1,6,1,0,1,0,0,1.75,0,-90.12,39.8,-89.98,39.9,9.3,333,Tornado,#0000FF,1999-04-08,19,1999,14966.862,239.1499708,7
562,927,1999,4,8,1999-04-08,21:35:00,3,IL,17,1,3,1,0,1,0,0,0.15,0,-88.73,40.07,-88.68,40.1,3.5,100,Tornado,#0000FF,1999-04-09,21,1999,5632.69,71.81680806,4
564,850,1999,4,9,1999-04-09,3:12:00,3,OH,39,4,65,4,2,0,2,0,85,0,-84.37,39.23,-84.23,39.3,10,270,Tornado,#FF0000,1999-04-09,3,1999,16093.4,193.9053818,69
565,857,1999,4,14,1999-04-14,21:52:00,3,MS,28,3,33,1,0,1,0,0,6.8,0,-89.47,31.7,-89.12,31.88,25.5,880,Tornado,#FFAA00,1999-04-15,21,1999,41038.17,631.9879109,34
568,892,1999,4,15,1999-04-15,18:15:00,3,NC,37,2,4,1,0,1,0,0,0.2,0,-79.13,34.68,-79.13,34.68,0.3,0,Tornado,#008000,1999-04-15,18,1999,482.802,0.7181680806,5
579,1147,1999,5,3,1999-05-03,17:26:00,3,OK,40,5,583,36,23,9,4,0,1000,0,-97.85,35.13,-97.43,35.45,37,1430,Tornado,#FF00FF,1999-05-03,17,1999,59545.58,1026.980355,619
581,884,1999,5,3,1999-05-03,19:13:00,3,KS,20,4,150,6,0,4,2,0,140.75,0,-97.4,37.32,-97.33,37.7,24,880,Tornado,#FF0000,1999-05-03,19,1999,38624.16,631.9879109,156
583,1185,1999,5,3,1999-05-03,20:05:00,3,OK,40,2,10,1,0,1,0,0,0.75,0,-97,35.37,-96.85,35.53,18,150,Tornado,#008000,1999-05-04,20,1999,28968.12,107.7252121,11
584,1190,1999,5,3,1999-05-03,20:10:00,3,OK,40,4,11,1,1,0,0,0,2.5,0,-97.95,35.93,-97.78,36.07,15,880,Tornado,#FF0000,1999-05-04,20,1999,24140.1,631.9879109,12
585,1172,1999,5,3,1999-05-03,20:25:00,3,OK,40,4,26,2,1,0,1,0,13.11,0,-97.68,35.88,-97.23,36.32,35,1760,Tornado,#FF0000,1999-05-04,20,1999,56326.9,1263.975822,28
590,285,1999,5,4,1999-05-04,13:04:00,3,TX,48,3,22,1,1,0,0,0,125.34,0,-95.17,33.18,-94.18,33.83,71.5,50,Tornado,#FFAA00,1999-05-04,13,1999,115067.81,35.90840403,23
594,1031,1999,5,5,1999-05-05,19:20:00,3,TN,47,4,0,3,3,0,0,0,0.29,0,-87.92,35.57,-87.83,35.63,6,580,Tornado,#FF0000,1999-05-05,19,1999,9656.04,416.5374868,3
597,1075,1999,5,11,1999-05-11,17:05:00,3,TX,48,4,6,1,1,0,0,0,0.75,0,-99.1,30.68,-99,30.65,7,1400,Tornado,#FF0000,1999-05-11,17,1999,11265.38,1005.435313,7
598,394,1999,5,16,1999-05-16,15:16:00,3,IA,19,3,16,2,0,0,2,0,1.9,0,-95.87,41.6,-95.75,41.67,7.5,440,Tornado,#FFAA00,1999-05-16,15,1999,12070.05,315.9939555,18
599,1100,1999,6,1,1999-06-01,16:35:00,3,OK,40,3,5,2,0,2,0,0,1.5,0,-95.25,35.97,-95.25,35.9,2,350,Tornado,#FFAA00,1999-06-01,16,1999,3218.68,251.3588282,7
600,458,1999,6,1,1999-06-01,17:58:00,3,IL,17,3,4,1,0,0,1,0,0,0,-89.67,39.32,-89.53,39.43,10,200,Tornado,#FFAA00,1999-06-01,17,1999,16093.4,143.6336161,5
603,1289,1999,6,4,1999-06-04,18:30:00,3,SD,46,2,54,1,0,1,0,0,3.2,0,-102.85,43.05,-102.7,43.22,15,0,Tornado,#008000,1999-06-04,18,1999,24140.1,0.7181680806,55
612,466,1999,8,11,1999-08-11,12:41:00,3,UT,49,2,80,1,0,0,1,0,170,0,-111.87,40.73,-111.87,40.73,4.3,150,Tornado,#008000,1999-08-11,12,1999,6920.162,107.7252121,81
626,679,1999,12,2,1999-12-02,21:40:00,3,TX,48,1,3,2,0,2,0,0,0.6,0,-97.82,33.3,-97.82,33.3,5.5,100,Tornado,#0000FF,1999-12-03,21,1999,8851.37,71.81680806,5
634,634,2000,2,13,2000-02-13,22:42:00,3,GA,13,3,175,11,0,11,0,0,20,0,-84.27,31.17,-84.12,31.23,9.2,300,Tornado,#FFAA00,2000-02-14,22,2000,14805.928,215.4504242,186
635,635,2000,2,13,2000-02-13,23:49:00,3,GA,13,3,15,7,2,5,0,0,5,0,-84.2,31.02,-84.02,31.07,15,300,Tornado,#FFAA00,2000-02-14,23,2000,24140.1,215.4504242,22
636,637,2000,2,14,2000-02-14,0:39:00,3,GA,13,2,0,1,0,1,0,0,2.5,0,-83.63,31.32,-83.58,31.35,6,200,Tornado,#008000,2000-02-14,0,2000,9656.04,143.6336161,1
646,699,2000,3,28,2000-03-28,18:18:00,3,TX,48,3,80,2,0,0,2,0,0,0,-97.35,32.75,-97.35,32.75,4,250,Tornado,#FFAA00,2000-03-28,18,2000,6437.36,179.5420202,82
648,740,2000,4,2,2000-04-02,23:34:00,3,AL,1,2,6,1,0,1,0,0,0.3,0,-85.55,33.9,-85.52,33.9,1.9,100,Tornado,#008000,2000-04-03,23,2000,3057.746,71.81680806,7
657,101,2000,4,20,2000-04-20,18:14:00,3,TN,47,1,0,1,0,0,1,0,0.03,0,-86.4,35.53,-86.37,35.53,2,60,Tornado,#0000FF,2000-04-20,18,2000,3218.68,43.09008484,1
666,764,2000,5,11,2000-05-11,18:03:00,3,IA,19,3,25,1,1,0,0,0,1.75,0,-92.45,42.52,-92,42.6,18.6,210,Tornado,#FFAA00,2000-05-11,18,2000,29933.724,150.8152969,26
667,210,2000,5,12,2000-05-12,16:10:00,3,TX,48,3,0,2,2,0,0,0,3,0,-97.37,31.9,-97.37,31.9,7,400,Tornado,#FFAA00,2000-05-12,16,2000,11265.38,287.2672322,2
686,1019,2000,7,25,2000-07-25,16:57:00,3,MN,27,4,15,1,1,0,0,0,20,0,-95.67,44.9,-95.55,44.82,9,160,Tornado,#FF0000,2000-07-25,16,2000,14484.06,114.9068929,16
689,1050,2000,9,20,2000-09-20,17:18:00,3,OH,39,4,100,1,0,0,1,0,15,0,-83.98,39.65,-83.88,39.73,9,500,Tornado,#FF0000,2000-09-20,17,2000,14484.06,359.0840403,101
693,1055,2000,9,22,2000-09-22,22:30:00,3,SC,45,2,5,1,0,0,1,0,0.29,0,-81.48,33.08,-81.43,33.12,4.8,400,Tornado,#008000,2000-09-23,22,2000,7724.832,287.2672322,6
700,612,2000,12,16,2000-12-16,10:34:00,3,AL,1,2,9,1,0,1,0,0,2.5,0,-85.9,31.02,-85.85,31.07,4.5,100,Tornado,#008000,2000-12-16,10,2000,7242.03,71.81680806,10
702,600,2000,12,16,2000-12-16,12:54:00,3,AL,1,4,144,11,1,9,1,0,12.5,0,-87.7,33.05,-87.4,33.2,18,750,Tornado,#FF0000,2000-12-16,12,2000,28968.12,538.6260605,155
708,593,2001,2,16,2001-02-16,12:10:00,3,MS,28,2,1,1,0,0,1,0,0.05,0,-89.97,33.02,-89.87,33.02,4,500,Tornado,#008000,2001-02-16,12,2001,6437.36,359.0840403,2
711,14,2001,2,24,2001-02-24,16:46:00,3,AR,5,2,3,1,0,1,0,0,0,0,-91.97,36.27,-91.87,36.33,8,300,Tornado,#008000,2001-02-24,16,2001,12874.72,215.4504242,4
714,592,2001,2,24,2001-02-24,21:35:00,3,MS,28,3,73,6,0,0,0,6,31.11,0,-89.35,34.03,-88.6,34.58,52,1000,Tornado,#FFAA00,2001-02-25,21,2001,83685.68,718.1680806,79
717,46,2001,3,12,2001-03-12,13:00:00,3,AL,1,1,1,2,0,2,0,0,1,0,-86.62,31.4,-86.62,31.4,3.2,75,Tornado,#0000FF,2001-03-12,13,2001,5149.888,53.86260605,3
720,56,2001,3,15,2001-03-15,3:30:00,3,FL,12,2,21,1,0,1,0,0,2,0,-85.55,30.6,-85.37,30.68,10,350,Tornado,#008000,2001-03-15,3,2001,16093.4,251.3588282,22
725,113,2001,4,10,2001-04-10,18:20:00,3,MO,29,1,2,1,0,1,0,0,0.07,0,-91.95,38.85,-91.93,38.85,3,100,Tornado,#0000FF,2001-04-10,18,2001,4828.02,71.81680806,3
732,613,2001,4,11,2001-04-11,4:25:00,3,OK,40,2,1,1,0,1,0,0,0.08,0,-96.17,34.5,-96.05,34.67,13,200,Tornado,#008000,2001-04-11,4,2001,20921.42,143.6336161,2
733,633,2001,4,11,2001-04-11,15:00:00,3,IA,19,2,3,2,0,0,2,0,0.4,0,-92.38,40.97,-92.32,41.08,8.4,100,Tornado,#008000,2001-04-11,15,2001,13518.456,71.81680806,5
736,605,2001,4,21,2001-04-21,20:15:00,3,KS,20,4,28,1,1,0,0,0,43,0,-98.78,38.5,-98.77,38.57,5,660,Tornado,#FF0000,2001-04-22,20,2001,8046.7,473.9909332,29
752,874,2001,5,31,2001-05-31,19:05:00,3,TN,47,2,2,1,1,0,0,0,0.08,0,-86.2,35.92,-86.1,35.97,6.3,440,Tornado,#008000,2001-05-31,19,2001,10138.842,315.9939555,3
755,266,2001,6,7,2001-06-07,5:24:00,3,LA,22,1,0,1,0,0,1,0,0.05,0,-91.15,30.7,-91.15,30.7,1,30,Tornado,#0000FF,2001-06-07,5,2001,1609.34,21.54504242,1
759,269,2001,6,11,2001-06-11,13:30:00,3,FL,12,0,0,1,1,0,0,0,0.04,0,-81.73,30.28,-81.73,30.28,0.1,10,Tornado,#888888,2001-06-11,13,2001,160.934,7.181680806,1
766,350,2001,6,18,2001-06-18,19:06:00,3,WI,55,3,16,2,2,0,0,0,10,0,-92.65,45.78,-91.97,45.83,34,880,Tornado,#FFAA00,2001-06-18,19,2001,54717.56,631.9879109,18
778,1150,2001,9,24,2001-09-24,15:19:00,3,MD,24,3,55,2,0,0,2,0,101,0,-76.98,38.93,-76.83,39.23,17.5,200,Tornado,#FFAA00,2001-09-24,15,2001,28163.45,143.6336161,57
788,560,2001,10,24,2001-10-24,14:15:00,3,IN,18,2,0,1,0,1,0,0,1,0,-86.9,41.43,-86.48,41.67,35,1760,Tornado,#008000,2001-10-24,14,2001,56326.9,1263.975822,1
789,497,2001,10,24,2001-10-24,14:50:00,3,IN,18,3,2,1,0,0,0,1,8.85,0,-86.43,41.62,-85.65,42.08,47,1320,Tornado,#FFAA00,2001-10-24,14,2001,75638.98,947.9818664,3
798,558,2001,11,23,2001-11-23,19:36:00,3,AR,5,2,4,1,0,1,0,0,2,0,-93.78,35.45,-93.4,35.75,31.5,500,Tornado,#008000,2001-11-24,19,2001,50694.21,359.0840403,5
800,977,2001,11,24,2001-11-24,0:40:00,3,LA,22,3,11,3,1,2,0,0,2.25,0,-91.88,32.8,-91.52,33.13,30,880,Tornado,#FFAA00,2001-11-24,0,2001,48280.2,631.9879109,14
804,590,2001,11,24,2001-11-24,3:10:00,3,MS,28,2,33,3,2,1,0,0,7.5,0,-90.45,34.15,-90.1,34.67,43.5,300,Tornado,#008000,2001-11-24,3,2001,70006.29,215.4504242,36
807,433,2001,11,24,2001-11-24,5:25:00,3,MS,28,4,21,2,2,0,0,0,12,0,-90.2,32.43,-90.05,32.57,11.5,880,Tornado,#FF0000,2001-11-24,5,2001,18507.41,631.9879109,23
809,55,2001,11,24,2001-11-24,10:55:00,3,AL,1,3,1,2,0,2,0,0,1.43,0,-88.05,33.53,-87.53,33.87,38.9,300,Tornado,#FFAA00,2001-11-24,10,2001,62603.326,215.4504242,3
815,551,2001,11,24,2001-11-24,15:01:00,3,AL,1,2,4,2,0,2,0,0,0.3,0,-85.77,34.25,-85.68,34.33,8.2,200,Tornado,#008000,2001-11-24,15,2001,13196.588,143.6336161,6
822,575,2001,11,26,2001-11-26,23:25:00,3,TN,47,3,12,2,0,2,0,0,1.5,0,-88.25,36.25,-88.23,36.28,5,200,Tornado,#FFAA00,2001-11-27,23,2001,8046.7,143.6336161,14
827,572,2002,4,21,2002-04-21,14:49:00,3,IL,17,3,42,1,0,1,0,0,4,0,-88.73,38.35,-88.15,38.35,31.5,500,Tornado,#FFAA00,2002-04-21,14,2002,50694.21,359.0840403,43
831,62,2002,4,27,2002-04-27,23:40:00,3,MO,29,3,16,1,1,0,0,0,4,0,-90.07,37.22,-90.02,37.27,4,200,Tornado,#FFAA00,2002-04-28,23,2002,6437.36,143.6336161,17
833,574,2002,4,28,2002-04-28,0:18:00,3,IL,17,3,10,1,0,0,1,0,8,0,-89.33,37.37,-88.98,37.37,19.3,400,Tornado,#FFAA00,2002-04-28,0,2002,31060.262,287.2672322,11
837,592,2002,4,28,2002-04-28,2:05:00,3,IN,18,2,19,1,0,1,0,0,1.55,0,-86.63,37.85,-86.12,37.87,32.3,150,Tornado,#008000,2002-04-28,2,2002,51981.682,107.7252121,20
844,582,2002,4,28,2002-04-28,16:56:00,3,MD,24,4,122,3,3,0,0,0,124,0,-77.18,38.55,-76.5,38.48,38,650,Tornado,#FF0000,2002-04-28,16,2002,61154.92,466.8092524,125
847,621,2002,5,5,2002-05-05,17:45:00,3,TX,48,2,4,2,0,2,0,0,4.04,0,-101.85,34.73,-101.72,34.82,5,150,Tornado,#008000,2002-05-05,17,2002,8046.7,107.7252121,6
850,85,2002,5,9,2002-05-09,1:11:00,3,IL,17,1,0,2,0,2,0,0,0,0,-89.13,38.53,-89.13,38.53,0.5,100,Tornado,#0000FF,2002-05-09,1,2002,804.67,71.81680806,2
866,880,2002,10,24,2002-10-24,13:19:00,3,TX,48,2,20,1,0,0,1,0,75,0,-97.62,27.73,-97.42,27.78,2.5,200,Tornado,#008000,2002-10-24,13,2002,4023.35,143.6336161,21
869,340,2002,10,29,2002-10-29,2:45:00,3,LA,22,2,3,2,0,2,0,0,0.21,0,-92.37,30.45,-92.28,30.6,10.5,50,Tornado,#008000,2002-10-29,2,2002,16898.07,35.90840403,5
872,898,2002,11,5,2002-11-05,17:35:00,3,AL,1,2,20,1,1,0,0,0,3,0,-85.3,31.57,-85.22,31.6,6,200,Tornado,#008000,2002-11-05,17,2002,9656.04,143.6336161,21
875,907,2002,11,9,2002-11-09,22:26:00,3,TN,47,2,6,2,0,2,0,0,0.5,0,-88.57,35.87,-88.53,35.95,10,220,Tornado,#008000,2002-11-10,22,2002,16093.4,157.9969777,8
876,927,2002,11,10,2002-11-10,1:00:00,3,TN,47,1,0,2,0,2,0,0,0.1,0,-87.15,36.53,-87.13,36.55,0.3,400,Tornado,#0000FF,2002-11-10,1,2002,482.802,287.2672322,2
879,914,2002,11,10,2002-11-10,14:15:00,3,OH,39,4,17,4,1,2,1,0,30,0,-84.77,40.78,-84,41.3,52.8,880,Tornado,#FF0000,2002-11-10,14,2002,84973.152,631.9879109,21
881,931,2002,11,10,2002-11-10,16:15:00,3,OH,39,3,2,1,1,0,0,0,12.8,0,-83.17,41.1,-82.9,41.23,21,100,Tornado,#FFAA00,2002-11-10,16,2002,33796.14,71.81680806,3
884,342,2002,11,10,2002-11-10,18:52:00,3,TN,47,2,24,2,0,2,0,0,0.25,0,-86.22,35.5,-86.02,35.57,12.3,450,Tornado,#008000,2002-11-10,18,2002,19794.882,323.1756363,26
885,362,2002,11,10,2002-11-10,18:52:00,3,AL,1,3,38,4,1,2,1,0,3.2,0,-87.87,33.75,-87.18,34.05,44.3,1175,Tornado,#FFAA00,2002-11-10,18,2002,71293.762,843.8474947,42
886,381,2002,11,10,2002-11-10,18:54:00,3,PA,42,2,19,1,1,0,0,0,1,0,-80.47,41.25,-80.35,41.33,7,500,Tornado,#008000,2002-11-10,18,2002,11265.38,359.0840403,20
888,896,2002,11,10,2002-11-10,19:20:00,3,MS,28,1,0,1,0,0,1,0,0.14,0,-88.95,33.22,-88.25,33.4,51,400,Tornado,#0000FF,2002-11-11,19,2002,82076.34,287.2672322,1
889,375,2002,11,10,2002-11-10,19:31:00,3,TN,47,3,28,7,5,0,2,0,0.97,0,-84.6,36.03,-84.45,36.05,8.3,300,Tornado,#FFAA00,2002-11-11,19,2002,13357.522,215.4504242,35
890,432,2002,11,10,2002-11-10,20:15:00,3,AL,1,3,53,7,0,7,0,0,4.3,0,-87.8,33.77,-86.6,34.15,72.6,1175,Tornado,#FFAA00,2002-11-11,20,2002,116838.084,843.8474947,60
891,341,2002,11,10,2002-11-10,21:43:00,3,TN,47,3,18,4,0,4,0,0,0.5,0,-85.1,35.9,-84.9,35.9,12.2,900,Tornado,#FFAA00,2002-11-11,21,2002,19633.948,646.3512725,22
893,390,2002,11,10,2002-11-10,23:20:00,3,AL,1,2,4,1,0,1,0,0,1.2,0,-85.63,34.12,-85.47,34.15,10.5,440,Tornado,#008000,2002-11-11,23,2002,16898.07,315.9939555,5
898,425,2002,12,17,2002-12-17,23:05:00,3,MO,29,2,17,2,1,0,1,0,0.5,0,-93.78,37.08,-93.7,37.13,4,100,Tornado,#008000,2002-12-18,23,2002,6437.36,71.81680806,19
899,421,2002,12,18,2002-12-18,1:53:00,3,MO,29,1,7,1,0,1,0,0,0.14,0,-94.32,37.35,-94.17,37.42,9.5,100,Tornado,#0000FF,2002-12-18,1,2002,15288.73,71.81680806,8
901,433,2002,12,18,2002-12-18,15:35:00,3,AR,5,3,13,1,0,1,0,0,0,0,-92.32,35.1,-92.18,35.2,9.8,150,Tornado,#FFAA00,2002-12-18,15,2002,15771.532,107.7252121,14
910,27,2003,2,22,2003-02-22,15:09:00,3,KY,21,1,7,2,0,2,0,0,0.3,0,-83.55,37.55,-83.55,37.55,0.5,75,Tornado,#0000FF,2003-02-22,15,2003,804.67,53.86260605,9
912,42,2003,3,19,2003-03-19,11:09:00,3,TN,47,1,1,1,0,1,0,0,0.1,0,-85.58,36.1,-85.45,36.28,12.2,440,Tornado,#0000FF,2003-03-19,11,2003,19633.948,315.9939555,2
916,47,2003,3,20,2003-03-20,4:05:00,3,GA,13,3,200,6,0,4,0,2,6.75,0,-84.27,31.18,-83.95,31.4,25,600,Tornado,#FFAA00,2003-03-20,4,2003,40233.5,430.9008484,206
917,25,2003,3,27,2003-03-27,16:46:00,3,FL,12,2,14,1,1,0,0,0,8,0,-80.2,25.77,-80.2,25.77,6,600,Tornado,#008000,2003-03-27,16,2003,9656.04,430.9008484,15
929,1034,2003,5,4,2003-05-04,15:18:00,3,KS,20,4,30,2,1,0,0,1,47.55,0,-94.83,39.07,-94.5,39.25,21,500,Tornado,#FF0000,2003-05-04,15,2003,33796.14,359.0840403,32
930,221,2003,5,4,2003-05-04,15:35:00,3,KS,20,4,30,4,3,1,0,0,20.2,0,-95.1,37.42,-94.53,37.58,33,880,Tornado,#FF0000,2003-05-04,15,2003,53108.22,631.9879109,34
933,225,2003,5,4,2003-05-04,16:31:00,3,MO,29,3,47,5,4,0,1,0,52.5,0,-94.52,37.57,-92.98,37.8,86,880,Tornado,#FFAA00,2003-05-04,16,2003,138403.24,631.9879109,52
934,220,2003,5,4,2003-05-04,16:45:00,3,KS,20,3,34,5,5,0,0,0,23.9,0,-94.95,37.08,-94.52,37.2,25,880,Tornado,#FFAA00,2003-05-04,16,2003,40233.5,631.9879109,39
935,243,2003,5,4,2003-05-04,17:50:00,3,MO,29,3,48,7,2,3,2,0,47.8,0,-94.2,36.92,-93.37,37.13,49,880,Tornado,#FFAA00,2003-05-04,17,2003,78857.66,631.9879109,55
937,222,2003,5,4,2003-05-04,18:36:00,3,MO,29,3,27,4,3,1,0,0,5,0,-92.83,37.9,-92.57,37.98,14,400,Tornado,#FFAA00,2003-05-04,18,2003,22530.76,287.2672322,31
943,945,2003,5,4,2003-05-04,22:35:00,3,TN,47,4,86,11,2,9,0,0,40,0,-89.03,35.52,-88.35,35.65,39,880,Tornado,#FF0000,2003-05-05,22,2003,62764.26,631.9879109,97
952,811,2003,5,6,2003-05-06,20:32:00,3,IL,17,4,33,2,1,1,0,0,16,0,-89.03,37.27,-88.48,37.38,33,1000,Tornado,#FF0000,2003-05-07,20,2003,53108.22,718.1680806,35
974,912,2003,5,11,2003-05-11,3:30:00,3,KY,21,2,8,1,0,1,0,0,15,0,-84.9,37.8,-84.8,37.82,7,300,Tornado,#008000,2003-05-11,3,2003,11265.38,215.4504242,9
980,1245,2003,6,22,2003-06-22,17:43:00,3,NE,31,2,7,1,1,0,0,0,10,0,-97.72,40.15,-97.77,40.15,3,200,Tornado,#008000,2003-06-22,17,2003,4828.02,143.6336161,8
981,495,2003,6,23,2003-06-23,20:43:00,3,NE,31,4,0,1,0,0,1,0,3.7,0,-97.32,42.5,-97.07,42.53,13,1200,Tornado,#FF0000,2003-06-24,20,2003,20921.42,861.8016967,1
994,663,2003,10,27,2003-10-27,14:39:00,3,NJ,34,0,0,1,0,0,1,0,0,0,-74.83,39.98,-74.83,39.98,0.5,30,Tornado,#888888,2003-10-27,14,2003,804.67,21.54504242,1
1011,807,2004,4,20,2004-04-20,16:44:00,3,IL,17,3,12,8,0,0,8,0,8,0,-89.28,41.25,-89.02,41.33,15.8,880,Tornado,#FFAA00,2004-04-20,16,2004,25427.572,631.9879109,20
1018,932,2004,5,22,2004-05-22,18:30:00,3,NE,31,4,38,1,1,0,0,0,160.22,0,-97.33,40.32,-96.4,40.7,54,4400,Tornado,#FF0000,2004-05-22,18,2004,86904.36,3159.939555,39
1020,1158,2004,5,24,2004-05-24,22:19:00,3,IL,17,1,1,1,0,1,0,0,0,0,-90.57,39.6,-90.47,39.65,7.3,100,Tornado,#0000FF,2004-05-25,22,2004,11748.182,71.81680806,2
1029,1072,2004,5,29,2004-05-29,21:30:00,3,MO,29,4,6,3,3,0,0,0,0.3,0,-94.25,39.88,-94.03,40.22,22,800,Tornado,#FF0000,2004-05-30,21,2004,35405.48,574.5344645,9
1030,969,2004,5,30,2004-05-30,13:25:00,3,IN,18,3,11,1,0,1,0,0,5,0,-86.57,38.33,-86.27,38.38,15,400,Tornado,#FFAA00,2004-05-30,13,2004,24140.1,287.2672322,12
1031,128,2004,5,30,2004-05-30,16:20:00,3,MO,29,1,0,1,0,0,1,0,0.1,0,-90.35,38.75,-90.33,38.77,2,50,Tornado,#0000FF,2004-05-30,16,2004,3218.68,35.90840403,1
1046,1301,2004,6,23,2004-06-23,19:35:00,3,WI,55,3,1,1,1,0,0,0,2.29,0,-88.95,43.67,-88.8,43.65,7.6,300,Tornado,#FFAA00,2004-06-23,19,2004,12230.984,215.4504242,2
1047,293,2004,6,26,2004-06-26,17:05:00,3,TX,48,1,0,1,0,0,1,0,0.01,0,-96.87,30.9,-96.88,30.9,0.8,30,Tornado,#0000FF,2004-06-26,17,2004,1287.472,21.54504242,1
1055,404,2004,8,13,2004-08-13,1:55:00,3,NC,37,2,29,3,0,3,0,0,1.3,0,-77.88,34.4,-77.83,34.47,5,500,Tornado,#008000,2004-08-13,1,2004,8046.7,359.0840403,32
1063,544,2004,9,15,2004-09-15,14:40:00,3,FL,12,1,7,1,0,0,1,0,5,0,-85.75,30.1,-85.73,30.17,5,200,Tornado,#0000FF,2004-09-15,14,2004,8046.7,143.6336161,8
1064,1643,2004,9,15,2004-09-15,14:43:00,3,FL,12,1,1,1,1,0,0,0,0.5,0,-85.4,29.98,-85.47,30.03,5,200,Tornado,#0000FF,2004-09-15,14,2004,8046.7,143.6336161,2
1065,545,2004,9,15,2004-09-15,20:07:00,3,FL,12,2,5,4,4,0,0,0,2.5,0,-85.05,30.5,-85.12,30.57,7,600,Tornado,#008000,2004-09-16,20,2004,11265.38,430.9008484,9
1069,522,2004,9,16,2004-09-16,15:45:00,3,GA,13,2,1,1,0,0,1,0,0.07,0,-83.27,34.28,-83.27,34.33,5.5,50,Tornado,#008000,2004-09-16,15,2004,8851.37,35.90840403,2
1078,1495,2004,9,27,2004-09-27,19:08:00,3,SC,45,2,13,1,0,1,0,0,0,0,-80.97,34.33,-80.98,34.37,2,220,Tornado,#008000,2004-09-27,19,2004,3218.68,157.9969777,14
1083,601,2004,10,18,2004-10-18,18:55:00,3,MO,29,2,7,3,3,0,0,0,0.3,0,-89.82,36.05,-89.82,36.05,0.5,125,Tornado,#008000,2004-10-18,18,2004,804.67,89.77101008,10
1086,649,2004,11,23,2004-11-23,16:27:00,3,TX,48,2,0,1,0,1,0,0,0.6,0,-94.17,30.48,-94.07,30.57,8,600,Tornado,#008000,2004-11-23,16,2004,12874.72,430.9008484,1
1089,634,2004,11,23,2004-11-23,20:05:00,3,LA,22,3,20,1,1,0,0,0,5.8,0,-92.25,31.88,-92,32.03,15,300,Tornado,#FFAA00,2004-11-24,20,2004,24140.1,215.4504242,21
1092,1797,2004,11,24,2004-11-24,2:25:00,3,MS,28,3,2,1,1,0,0,0,2.66,0,-89,32.92,-88.72,33.05,21,600,Tornado,#FFAA00,2004-11-24,2,2004,33796.14,430.9008484,3
1096,136,2004,11,24,2004-11-24,6:59:00,3,AL,1,2,0,1,0,1,0,0,0.21,0,-86.07,33.58,-85.83,33.65,15.2,500,Tornado,#008000,2004-11-24,6,2004,24461.968,359.0840403,1
1102,510,2005,1,12,2005-01-12,23:25:00,3,AR,5,3,13,2,0,2,0,0,3,0,-92.73,33.02,-92.45,33.23,24,900,Tornado,#FFAA00,2005-01-13,23,2005,38624.16,646.3512725,15
1103,623,2005,1,13,2005-01-13,16:58:00,3,GA,13,1,5,2,0,2,0,0,0.26,0,-84.73,31.4,-84.75,31.43,3,100,Tornado,#0000FF,2005-01-13,16,2005,4828.02,71.81680806,7
1107,666,2005,3,22,2005-03-22,12:32:00,3,GA,13,3,18,1,0,1,0,0,7,0,-84.92,31.05,-84.68,31.13,18,1250,Tornado,#FFAA00,2005-03-22,12,2005,28968.12,897.7101008,19
1119,330,2005,8,12,2005-08-12,16:40:00,3,WY,56,2,13,2,0,2,0,0,5,0,-105.47,43.73,-105.47,43.72,1.5,450,Tornado,#008000,2005-08-12,16,2005,2414.01,323.1756363,15
1122,1141,2005,8,18,2005-08-18,17:15:00,3,WI,55,3,23,1,1,0,0,0,34.31,0,-89.43,42.92,-88.98,42.93,18.6,600,Tornado,#FFAA00,2005-08-18,17,2005,29933.724,430.9008484,24
1123,1118,2005,8,29,2005-08-29,14:24:00,3,GA,13,2,3,1,0,0,1,0,5.15,0,-85.08,33.4,-85.1,33.48,5.5,200,Tornado,#008000,2005-08-29,14,2005,8851.37,143.6336161,4
1130,1180,2005,9,24,2005-09-24,15:25:00,3,MS,28,1,2,1,0,1,0,0,0.05,0,-90.53,33.27,-90.57,33.28,3.5,100,Tornado,#0000FF,2005-09-24,15,2005,5632.69,71.81680806,3
1139,1253,2005,11,6,2005-11-06,1:39:00,3,KY,21,3,238,24,0,23,1,0,87.26,0,-87.78,37.83,-87.05,38.1,41.3,500,Tornado,#FFAA00,2005-11-06,1,2005,66465.742,359.0840403,262
1142,1200,2005,11,12,2005-11-12,16:27:00,3,IA,19,3,3,1,1,0,0,0,12.4,0,-94.08,42.17,-93.88,42.35,17.6,150,Tornado,#FFAA00,2005-11-12,16,2005,28324.384,107.7252121,4
1145,1255,2005,11,15,2005-11-15,13:45:00,3,KY,21,3,20,1,0,1,0,0,8.55,0,-88.63,36.68,-88,37.05,44,500,Tornado,#FFAA00,2005-11-15,13,2005,70810.96,359.0840403,21
1154,583,2005,11,27,2005-11-27,18:09:00,3,AR,5,3,8,1,0,0,1,0,0,0,-92.72,35.12,-92.55,35.27,15,700,Tornado,#FFAA00,2005-11-27,18,2005,24140.1,502.7176564,9
1158,549,2005,11,27,2005-11-27,22:30:00,3,MO,29,2,0,1,1,0,0,0,0.25,0,-91.1,36.53,-91,36.68,12,250,Tornado,#008000,2005-11-28,22,2005,19312.08,179.5420202,1
1164,24,2006,1,13,2006-01-13,10:01:00,3,AL,1,1,0,1,1,0,0,0,0.5,0,-87.12,31.43,-87.12,31.43,1,880,Tornado,#0000FF,2006-01-13,10,2006,1609.34,631.9879109,1
1172,80,2006,3,11,2006-03-11,21:20:00,3,MO,29,3,12,2,0,0,2,0,2.2,0,-90,37.82,-89.27,38.18,53.5,400,Tornado,#FFAA00,2006-03-12,21,2006,86099.69,287.2672322,14
1173,96,2006,3,12,2006-03-12,16:12:00,3,MO,29,2,6,1,0,1,0,0,2.5,0,-93.28,38.62,-93.12,38.67,11.2,500,Tornado,#008000,2006-03-12,16,2006,18024.608,359.0840403,7
1176,107,2006,3,12,2006-03-12,19:52:00,3,MO,29,2,13,1,1,0,0,0,0.58,0,-94.33,38.25,-93.92,38.55,26,450,Tornado,#008000,2006-03-13,19,2006,41842.84,323.1756363,14
1180,115,2006,3,12,2006-03-12,20:47:00,3,MO,29,2,7,1,1,0,0,0,1.65,0,-94.25,37.67,-93.67,37.95,38,300,Tornado,#008000,2006-03-13,20,2006,61154.92,215.4504242,8
1182,123,2006,3,12,2006-03-12,21:18:00,3,MO,29,3,26,4,2,2,0,0,5,0,-92.48,39.32,-92.18,39.45,19.7,300,Tornado,#FFAA00,2006-03-13,21,2006,31703.998,215.4504242,30
1185,129,2006,3,12,2006-03-12,22:15:00,3,MO,29,3,8,1,1,0,0,0,55.65,0,-93.8,36.98,-93.35,37.08,42,250,Tornado,#FFAA00,2006-03-13,22,2006,67592.28,179.5420202,9
1196,198,2006,3,30,2006-03-30,20:28:00,3,MO,29,1,0,1,1,0,0,0,0.45,0,-93.43,38.63,-93.23,38.75,13.6,75,Tornado,#0000FF,2006-03-31,20,2006,21887.024,53.86260605,1
1199,226,2006,4,2,2006-04-02,16:15:00,3,IL,17,2,11,1,0,0,1,0,0,0,-90,38.57,-89.95,38.6,7,100,Tornado,#008000,2006-04-02,16,2006,11265.38,71.81680806,12
1200,233,2006,4,2,2006-04-02,16:37:00,3,AR,5,3,177,2,0,0,2,0,86,0,-90.97,36.22,-89.65,36.18,77,880,Tornado,#FFAA00,2006-04-02,16,2006,123919.18,631.9879109,179
1205,266,2006,4,2,2006-04-02,18:32:00,3,TN,47,3,70,16,9,7,0,0,20,0,-89.52,36.12,-89.2,36.13,18,880,Tornado,#FFAA00,2006-04-02,18,2006,28968.12,631.9879109,86
1206,268,2006,4,2,2006-04-02,19:09:00,3,TN,47,3,44,6,5,1,0,0,26.54,0,-89.03,36.07,-88.48,36.07,31,880,Tornado,#FFAA00,2006-04-02,19,2006,49889.54,631.9879109,50
1207,271,2006,4,2,2006-04-02,19:43:00,3,TN,47,3,6,2,2,0,0,0,15,0,-89.05,36.18,-88.97,36.13,8,880,Tornado,#FFAA00,2006-04-02,19,2006,12874.72,631.9879109,8
1212,299,2006,4,7,2006-04-07,13:08:00,3,TN,47,3,128,7,3,1,3,0,79,0,-86.77,36.32,-86.37,36.4,22.7,880,Tornado,#FFAA00,2006-04-07,13,2006,36532.018,631.9879109,135
1214,305,2006,4,7,2006-04-07,15:45:00,3,TN,47,1,0,2,0,2,0,0,0.5,0,-85.97,35.83,-85.72,35.83,11,150,Tornado,#0000FF,2006-04-07,15,2006,17702.74,107.7252121,2
1216,316,2006,4,7,2006-04-07,17:28:00,3,TN,47,1,0,1,0,1,0,0,0.1,0,-85.92,35.58,-85.92,35.58,4,100,Tornado,#0000FF,2006-04-07,17,2006,6437.36,71.81680806,1
1223,358,2006,4,13,2006-04-13,19:45:00,3,IA,19,1,1,1,0,1,0,0,0.12,0,-91.38,41.43,-91.22,41.45,9.4,440,Tornado,#0000FF,2006-04-13,19,2006,15127.796,315.9939555,2
1227,509,2006,5,9,2006-05-09,21:37:00,3,TX,48,3,10,3,1,2,0,0,1.5,0,-96.52,33.37,-96.4,33.45,9.3,300,Tornado,#FFAA00,2006-05-10,21,2006,14966.862,215.4504242,13
1241,830,2006,8,24,2006-08-24,16:30:00,3,MN,27,3,37,1,1,0,0,0,23.5,0,-94.27,44.27,-93.62,44.25,33,880,Tornado,#FFAA00,2006-08-24,16,2006,53108.22,631.9879109,38
1243,883,2006,9,16,2006-09-16,20:52:00,3,MN,27,2,0,1,1,0,0,0,30.05,0,-93.63,45.2,-93.43,45.25,8,100,Tornado,#008000,2006-09-17,20,2006,12874.72,71.81680806,1
1251,1026,2006,11,15,2006-11-15,1:55:00,3,LA,22,2,2,1,0,1,0,0,0.5,0,-90.54,30.75,-90.55,30.8,6.02,100,Tornado,#008000,2006-11-15,1,2006,9688.2268,71.81680806,3
1258,1053,2006,11,15,2006-11-15,22:45:00,3,NC,37,1,1,1,0,1,0,0,0.11,0,-80.82,35.75,-80.82,35.84,6,40,Tornado,#0000FF,2006-11-16,22,2006,9656.04,28.72672322,2
1259,1055,2006,11,16,2006-11-16,5:37:00,3,NC,37,3,20,8,0,8,0,0,0.5,0,-78.24,34.34,-78.23,34.36,2.15,300,Tornado,#FFAA00,2006-11-16,5,2006,3460.081,215.4504242,28
1260,1063,2006,12,1,2006-12-01,15:14:00,3,PA,42,1,0,1,0,0,1,0,2,0,-76.93,40.45,-76.9,40.46,1.5,75,Tornado,#0000FF,2006-12-01,15,2006,2414.01,53.86260605,1
1266,1079,2006,12,29,2006-12-29,13:42:00,3,TX,48,2,20,1,0,0,1,0,1,0,-96.64,31.33,-96.52,31.6,20.4,400,Tornado,#008000,2006-12-29,13,2006,32830.536,287.2672322,21
1271,1,2007,1,4,2007-01-04,15:45:00,3,LA,22,1,15,2,0,2,0,0,1.5,0,-91.8,29.92,-91.73,30.05,15.07,100,Tornado,#0000FF,2007-01-04,15,2007,24252.7538,71.81680806,17
1274,22,2007,2,2,2007-02-02,2:10:00,3,FL,12,3,25,8,0,8,0,0,114,0,-82.05,28.88,-81.78,28.92,16.17,450,Tornado,#FFAA00,2007-02-02,2,2007,26023.0278,323.1756363,33
1275,23,2007,2,2,2007-02-02,2:37:00,3,FL,12,3,51,13,0,13,0,0,98,0,-81.59,28.96,-81.16,29.04,26.03,450,Tornado,#FFAA00,2007-02-02,2,2007,41891.1202,323.1756363,64
1278,31,2007,2,13,2007-02-13,3:10:00,3,LA,22,2,10,1,0,1,0,0,1,0,-90.05,30.01,-90.03,30.02,1.29,50,Tornado,#008000,2007-02-13,3,2007,2076.0486,35.90840403,11
1284,78,2007,3,1,2007-03-01,6:24:00,3,MO,29,3,0,1,0,1,0,0,0.76,0,-92.15,36.59,-91.87,36.7,15,200,Tornado,#FFAA00,2007-03-01,6,2007,24140.1,143.6336161,1
1285,84,2007,3,1,2007-03-01,12:27:00,3,AL,1,4,2,1,0,1,0,0,2.25,0,-87.41,32.12,-87.14,32.27,18.32,500,Tornado,#FF0000,2007-03-01,12,2007,29483.1088,359.0840403,3
1287,86,2007,3,1,2007-03-01,13:08:00,3,AL,1,4,50,9,1,0,8,0,250,0,-85.92,31.28,-85.78,31.38,10.33,500,Tornado,#FF0000,2007-03-01,13,2007,16624.4822,359.0840403,59
1290,95,2007,3,1,2007-03-01,16:29:00,3,GA,13,2,4,1,0,1,0,0,0.5,0,-84.16,32.49,-84.07,32.57,7.69,448,Tornado,#008000,2007-03-01,16,2007,12375.8246,321.7393001,5
1294,105,2007,3,1,2007-03-01,20:00:00,3,GA,13,3,11,2,2,0,0,0,111.002,0,-84.55,31.92,-84.1,32.23,43.2,1790,Tornado,#FFAA00,2007-03-02,20,2007,69523.488,1285.520864,13
1295,109,2007,3,1,2007-03-01,22:44:00,3,GA,13,2,3,6,0,6,0,0,3.975,0.5,-84.45,31.32,-83.98,31.48,30.53,200,Tornado,#008000,2007-03-02,22,2007,49133.1502,143.6336161,9
1298,136,2007,3,23,2007-03-23,19:30:00,3,NM,35,2,33,2,0,2,0,0,19,0.25,-103.17,34.24,-103.19,34.42,12.45,350,Tornado,#008000,2007-03-23,19,2007,20036.283,251.3588282,35
1299,178,2007,3,28,2007-03-28,18:16:00,3,TX,48,2,0,2,2,0,0,0,0.102,0,-100.44,36.45,-100.39,36.62,22,150,Tornado,#008000,2007-03-28,18,2007,35405.48,107.7252121,2
1301,210,2007,3,28,2007-03-28,19:54:00,3,CO,8,3,9,2,1,1,0,0,4.01,0,-102.12,38.02,-102.08,38.41,28,900,Tornado,#FFAA00,2007-03-28,19,2007,45061.52,646.3512725,11
1302,217,2007,3,28,2007-03-28,20:30:00,3,TX,48,3,1,1,0,1,0,0,3,0,-100.49,35.69,-100.51,35.8,7.77,1408,Tornado,#FFAA00,2007-03-29,20,2007,12504.5718,1011.180657,2
1308,270,2007,4,13,2007-04-13,17:09:00,3,TX,48,1,0,1,0,0,1,0,2,0,-97.33,32.77,-97.25,32.83,6,125,Tornado,#0000FF,2007-04-13,17,2007,9656.04,89.77101008,1
1311,296,2007,4,15,2007-04-15,6:20:00,3,SC,45,3,5,1,0,1,0,0,0,0,-80.5,33.79,-80.25,33.98,19.04,300,Tornado,#FFAA00,2007-04-15,6,2007,30641.8336,215.4504242,6
1318,378,2007,4,24,2007-04-24,18:01:00,3,TX,48,3,0,7,1,6,0,0,80,0,-100.41,28.64,-100.36,28.6,4,400,Tornado,#FFAA00,2007-04-24,18,2007,6437.36,287.2672322,7
1321,455,2007,5,4,2007-05-04,20:00:00,3,KS,20,5,63,11,8,1,1,1,250,0,-99.45,37.36,-99.33,37.62,28.81,3000,Tornado,#FF00FF,2007-05-05,20,2007,46365.0854,2154.504242,74
1323,464,2007,5,4,2007-05-04,21:39:00,3,KS,20,3,2,1,1,0,0,0,0,0,-99.07,37.69,-98.99,37.92,18.22,2110,Tornado,#FFAA00,2007-05-05,21,2007,29322.1748,1515.33465,3
1324,466,2007,5,4,2007-05-04,22:34:00,3,KS,20,3,0,1,0,0,1,0,0,0,-98.95,37.9,-98.78,38.11,17.4,1515,Tornado,#FFAA00,2007-05-05,22,2007,28002.516,1088.024642,1
1330,556,2007,5,5,2007-05-05,22:39:00,3,KS,20,2,5,1,0,0,1,0,0,0,-97.6,39.07,-97.6,39.23,11,100,Tornado,#008000,2007-05-06,22,2007,17702.74,71.81680806,6
1342,922,2007,8,26,2007-08-26,19:42:00,3,ND,38,4,18,1,0,1,0,0,50,2,-97.61,47.72,-97.53,47.74,5,1400,Tornado,#FF0000,2007-08-26,19,2007,8046.7,1005.435313,19
1349,1018,2007,10,17,2007-10-17,23:05:00,3,MO,29,2,0,2,0,2,0,0,0.05,0,-92.05,39.52,-92.03,39.58,4.07,90,Tornado,#008000,2007-10-18,23,2007,6550.0138,64.63512725,2
1351,1035,2007,10,18,2007-10-18,17:35:00,3,MI,26,2,1,1,0,1,0,0,1.1,0,-85.23,44.67,-85.19,44.72,4.45,430,Tornado,#008000,2007-10-18,17,2007,7161.563,308.8122747,2
1357,1058,2007,10,18,2007-10-18,20:28:00,3,MI,26,2,1,2,0,2,0,0,15.4,0,-84.3,42.61,-84.21,42.8,19,300,Tornado,#008000,2007-10-19,20,2007,30577.46,215.4504242,3
1361,1084,2007,12,15,2007-12-15,20:20:00,3,GA,13,1,0,1,0,0,1,0,1.25,0,-83.68,31.69,-83.64,31.73,3.5,125,Tornado,#0000FF,2007-12-16,20,2007,5632.69,89.77101008,1
1366,11,2008,1,7,2008-01-07,18:29:00,3,MO,29,3,18,3,2,1,0,0,19,0,-93.16,37.28,-92.41,37.69,50.39,300,Tornado,#FFAA00,2008-01-07,18,2008,81094.6426,215.4504242,21
1370,48,2008,1,8,2008-01-08,8:26:00,3,AR,5,2,2,1,0,1,0,0,5.35,0,-93.01,35.35,-92.68,35.48,20.46,440,Tornado,#008000,2008-01-08,8,2008,32927.0964,315.9939555,3
1374,78,2008,1,29,2008-01-29,17:07:00,3,IN,18,2,0,2,0,2,0,0,0.25,0,-87.87,38.19,-87.75,38.23,7.01,100,Tornado,#008000,2008-01-29,17,2008,11281.4734,71.81680806,2
1375,81,2008,1,29,2008-01-29,18:58:00,3,IN,18,1,0,1,0,1,0,0,0.05,0,-85.76,38.55,-85.76,38.55,0.18,100,Tornado,#0000FF,2008-01-29,18,2008,289.6812,71.81680806,1
1376,89,2008,2,5,2008-02-05,16:49:00,3,AR,5,4,139,13,5,6,2,0,119.31,0,-93.07,35.1,-91.47,36.29,121.84,1320,Tornado,#FF0000,2008-02-05,16,2008,196081.9856,947.9818664,152
1378,92,2008,2,5,2008-02-05,17:02:00,3,AR,5,2,36,1,0,1,0,0,17.5,0,-92.62,36.21,-92.45,36.32,12.5,880,Tornado,#008000,2008-02-05,17,2008,20116.75,631.9879109,37
1379,98,2008,2,5,2008-02-05,17:32:00,3,MS,28,2,13,3,3,0,0,0,128.4,0,-90.01,34.98,-89.85,35.05,10.24,440,Tornado,#008000,2008-02-05,17,2008,16479.6416,315.9939555,16
1381,106,2008,2,5,2008-02-05,18:21:00,3,TN,47,3,14,3,2,0,1,0,10.3,0,-89.37,35.37,-88.94,35.65,31.13,600,Tornado,#FFAA00,2008-02-05,18,2008,50098.7542,430.9008484,17
1386,121,2008,2,5,2008-02-05,19:40:00,3,TN,47,4,5,3,0,3,0,0,17.6,0,-88.29,35.27,-88.04,35.38,16.17,880,Tornado,#FF0000,2008-02-06,19,2008,26023.0278,631.9879109,8
1387,122,2008,2,5,2008-02-05,19:44:00,3,KY,21,3,24,3,0,3,0,0,21.3,0,-87.23,37.16,-87.02,37.36,18.05,375,Tornado,#FFAA00,2008-02-06,19,2008,29048.587,269.3130302,27
1389,133,2008,2,5,2008-02-05,22:02:00,3,TN,47,3,63,22,8,13,1,0,27.802,1,-86.34,36.38,-85.56,36.78,50.32,880,Tornado,#FFAA00,2008-02-06,22,2008,80981.9888,631.9879109,85
1393,161,2008,2,6,2008-02-06,1:40:00,3,KY,21,3,11,4,0,4,0,0,1.28,0.2,-86.11,36.64,-85.96,36.71,9.44,440,Tornado,#FFAA00,2008-02-06,1,2008,15192.1696,315.9939555,15
1395,166,2008,2,6,2008-02-06,3:02:00,3,AL,1,4,23,4,3,1,0,0,0,0,-87.29,34.4,-87.06,34.56,16.7,880,Tornado,#FF0000,2008-02-06,3,2008,26875.978,631.9879109,27
1396,169,2008,2,6,2008-02-06,5:17:00,3,AL,1,4,12,1,1,0,0,0,0,0,-85.84,34.67,-85.69,34.76,10.9,660,Tornado,#FF0000,2008-02-06,5,2008,17541.806,473.9909332,13
1397,179,2008,2,12,2008-02-12,13:45:00,3,LA,22,1,0,1,0,0,1,0,0.025,0,-90.5,30.62,-90.49,30.62,0.77,20,Tornado,#0000FF,2008-02-12,13,2008,1239.1918,14.36336161,1
1404,224,2008,2,26,2008-02-26,3:42:00,3,AL,1,1,0,1,0,1,0,0,1,0,-86.57,33.55,-86.52,33.54,2.8,500,Tornado,#0000FF,2008-02-26,3,2008,4506.152,359.0840403,1
1411,262,2008,3,7,2008-03-07,8:45:00,3,FL,12,2,5,1,0,1,0,0,4,0,-82.65,30.19,-82.62,30.2,1.49,800,Tornado,#008000,2008-03-07,8,2008,2397.9166,574.5344645,6
1414,275,2008,3,14,2008-03-14,19:38:00,3,GA,13,2,30,1,0,0,1,0,25.05,0,-84.43,33.77,-84.33,33.73,6.25,200,Tornado,#008000,2008-03-14,19,2008,10058.375,143.6336161,31
1415,278,2008,3,15,2008-03-15,10:25:00,3,GA,13,3,2,2,2,0,0,0,7.5,0,-85.11,34.09,-84.85,34.12,16.93,880,Tornado,#FFAA00,2008-03-15,10,2008,27246.1262,631.9879109,4
1440,580,2008,5,2,2008-05-02,7:15:00,3,AR,5,3,24,5,3,2,0,0,47,0,-92.6,35.31,-91.96,35.7,45.3,1600,Tornado,#FFAA00,2008-05-02,7,2008,72903.102,1149.068929,29
1442,585,2008,5,2,2008-05-02,10:15:00,3,AR,5,2,3,1,0,1,0,0,9,0,-92.49,34.41,-91.88,34.71,40.72,300,Tornado,#008000,2008-05-02,10,2008,65532.3248,215.4504242,4
1449,653,2008,5,8,2008-05-08,21:29:00,3,NC,37,2,3,1,0,0,1,0,4,0,-80.02,36.06,-79.98,36.1,3.85,200,Tornado,#008000,2008-05-09,21,2008,6195.959,143.6336161,4
1450,666,2008,5,10,2008-05-10,16:20:00,3,OK,40,4,350,21,4,7,10,0,60.6,0,-95.14,37,-93.78,36.82,75.51,1760,Tornado,#FF0000,2008-05-10,16,2008,121521.2634,1263.975822,371
1452,674,2008,5,10,2008-05-10,17:08:00,3,MO,29,1,10,1,0,1,0,0,1,0,-94.22,37.18,-94.16,37.18,3.02,440,Tornado,#0000FF,2008-05-10,17,2008,4860.2068,315.9939555,11
1455,710,2008,5,11,2008-05-11,4:36:00,3,GA,13,2,2,2,0,2,0,0,1.4,0,-83.08,32.61,-82.84,32.6,13.79,250,Tornado,#008000,2008-05-11,4,2008,22192.7986,179.5420202,4
1467,774,2008,5,22,2008-05-22,11:26:00,3,CO,8,3,78,1,0,0,1,0,147,0,-104.75,40.23,-105.11,40.72,38.69,1760,Tornado,#FFAA00,2008-05-22,11,2008,62265.3646,1263.975822,79
1474,873,2008,5,23,2008-05-23,21:24:00,3,KS,20,3,2,2,0,0,2,0,0,0,-98.63,37.48,-98.49,37.77,21.9,1430,Tornado,#FFAA00,2008-05-24,21,2008,35244.546,1026.980355,4
1476,912,2008,5,25,2008-05-25,15:48:00,3,IA,19,5,70,9,9,0,0,0,100.3,0.232,-92.88,42.55,-92.08,42.62,40.97,2100,Tornado,#FF00FF,2008-05-25,15,2008,65934.6598,1508.152969,79
1477,916,2008,5,25,2008-05-25,15:55:00,3,MN,27,3,17,1,1,0,0,0,25.3,0,-93.05,45.18,-92.93,45.17,5.96,220,Tornado,#FFAA00,2008-05-25,15,2008,9591.6664,157.9969777,18
1486,1021,2008,6,3,2008-06-03,19:04:00,3,IN,18,3,8,1,1,0,0,0,1.2,0,-85.68,39.46,-85.51,39.5,9.68,150,Tornado,#FFAA00,2008-06-03,19,2008,15578.4112,107.7252121,9
1495,1175,2008,6,11,2008-06-11,17:25:00,3,NE,31,3,48,4,0,0,4,0,0,0,-96.12,41.8,-95.88,41.9,14.23,440,Tornado,#FFAA00,2008-06-11,17,2008,22900.9082,315.9939555,52
1496,1202,2008,6,11,2008-06-11,21:12:00,3,KS,20,3,3,1,0,0,1,0,20.2,0,-97.11,38.89,-96.93,39.01,15.26,880,Tornado,#FFAA00,2008-06-12,21,2008,24558.5284,631.9879109,4
1497,1206,2008,6,11,2008-06-11,22:46:00,3,KS,20,2,0,1,0,1,0,0,0,0,-96.11,39.45,-95.85,39.6,17.28,300,Tornado,#008000,2008-06-12,22,2008,27809.3952,215.4504242,1
1503,1380,2008,7,24,2008-07-24,9:30:00,3,NH,33,2,2,1,1,0,0,0,2.027,0,-71.31,43.15,-70.99,43.85,50.46,880,Tornado,#008000,2008-07-24,9,2008,81207.2964,631.9879109,3
1506,1535,2008,9,3,2008-09-03,1:57:00,3,LA,22,2,0,2,0,2,0,0,0.3,0,-92.51,30.54,-92.46,30.63,7.06,50,Tornado,#008000,2008-09-03,1,2008,11361.9404,35.90840403,2
1508,1639,2008,11,15,2008-11-15,2:10:00,3,NC,37,2,2,1,0,1,0,0,0.5,0.2,-78.11,35.58,-78.05,35.62,4.09,150,Tornado,#008000,2008-11-15,2,2008,6582.2006,107.7252121,3
1509,1640,2008,11,15,2008-11-15,2:30:00,3,NC,37,3,4,1,1,0,0,0,1,0.2,-77.92,35.75,-77.82,35.84,8.19,100,Tornado,#FFAA00,2008-11-15,2,2008,13180.4946,71.81680806,5
1514,14,2009,2,10,2009-02-10,18:45:00,3,TX,48,4,0,8,1,6,1,0,3,0,-97.62,33.93,-97.113,34.26,36.99,880,Tornado,#FF0000,2009-02-10,18,2009,59529.4866,631.9879109,8
1516,33,2009,2,18,2009-02-18,21:48:00,3,GA,13,3,3,1,0,1,0,0,0.55,0,-82.89,33.26,-82.71,33.26,10.4,500,Tornado,#FFAA00,2009-02-19,21,2009,16737.136,359.0840403,4
1534,188,2009,4,9,2009-04-09,19:02:00,3,AR,5,3,30,3,2,0,1,0,130,0,-94.3334,34.5444,-94.0905,34.6226,14.84,1075,Tornado,#FFAA00,2009-04-09,19,2009,23882.6056,772.0306867,33
1539,212,2009,4,10,2009-04-10,11:19:00,3,TN,47,4,58,2,2,0,0,0,100,0,-86.848,35.7579,-86.2789,35.9145,23.25,750,Tornado,#FF0000,2009-04-10,11,2009,37417.155,538.6260605,60
1548,316,2009,4,19,2009-04-19,17:58:00,3,AL,1,0,0,1,0,0,0,1,0.02,0,-86.8874,34.4852,-86.8785,34.4852,0.51,50,Tornado,#888888,2009-04-19,17,2009,820.7634,35.90840403,1
1549,319,2009,4,19,2009-04-19,19:35:00,3,AL,1,1,1,1,0,1,0,0,0,0,-86.1591,34.3572,-86.113,34.3781,3,60,Tornado,#0000FF,2009-04-19,19,2009,4828.02,43.09008484,2
1564,493,2009,5,8,2009-05-08,14:55:00,3,KY,21,3,15,2,0,2,0,0,0,0,-84.47,37.65,-84.1029,37.7463,21.12,150,Tornado,#FFAA00,2009-05-08,14,2009,33989.2608,107.7252121,17
1566,519,2009,5,13,2009-05-13,16:10:00,3,MO,29,1,0,1,0,1,0,0,0.025,0,-93.1069,40.2258,-93.0622,40.2314,4.35,100,Tornado,#0000FF,2009-05-13,16,2009,7000.629,71.81680806,1
1567,524,2009,5,13,2009-05-13,17:09:00,3,MO,29,2,6,2,0,0,2,0,5,0,-92.5947,40.2317,-92.4858,40.22,5.8,150,Tornado,#008000,2009-05-13,17,2009,9334.172,107.7252121,8
1585,1021,2009,10,9,2009-10-09,10:45:00,3,MS,28,1,2,1,0,1,0,0,0.225,0,-91.0431,33.246,-91.0245,33.27,1.98,100,Tornado,#0000FF,2009-10-09,10,2009,3186.4932,71.81680806,3
1599,39,2010,3,10,2010-03-10,21:09:00,3,AR,5,2,3,1,1,0,0,0,0.25,0,-92.1422,35.3969,-92.1192,35.4429,3.43,300,Tornado,#008000,2010-03-11,21,2010,5520.0362,215.4504242,4
1604,140,2010,4,24,2010-04-24,10:09:00,3,LA,22,4,146,10,0,6,4,0,386.035,23.52,-91.2993,32.4032,-89.0449,33.4336,148.97,3080,Tornado,#FF0000,2010-04-24,10,2010,239743.3798,2211.957688,156
1611,185,2010,4,30,2010-04-30,17:56:00,3,AR,5,3,15,1,1,0,0,0,4.1,0,-92.765,35.4173,-92.5049,35.6205,20.28,700,Tornado,#FFAA00,2010-04-30,17,2010,32637.4152,502.7176564,16
1613,222,2010,5,2,2010-05-02,1:48:00,3,MS,28,3,9,3,0,3,0,0,1.76,0,-89.1893,34.8008,-88.7758,35.0623,29.58,880,Tornado,#FFAA00,2010-05-02,1,2010,47604.2772,631.9879109,12
1615,227,2010,5,2,2010-05-02,2:27:00,3,MS,28,2,0,1,1,0,0,0,0.25,0,-89.5129,34.4891,-89.4945,34.5031,1.43,75,Tornado,#008000,2010-05-02,2,2010,2301.3562,53.86260605,1
1618,270,2010,5,10,2010-05-10,16:20:00,3,OK,40,4,49,2,0,0,2,0,0,0,-97.504,35.289,-97.155,35.47,24,2000,Tornado,#FF0000,2010-05-10,16,2010,38624.16,1436.336161,51
1619,274,2010,5,10,2010-05-10,16:32:00,3,OK,40,4,32,1,0,1,0,0,0,0,-97.4273,35.1808,-97.049,35.255,22.25,880,Tornado,#FF0000,2010-05-10,16,2010,35807.815,631.9879109,33
1629,549,2010,6,5,2010-06-05,20:12:00,3,IL,17,2,13,1,0,1,0,0,3,0,-88.5213,41.0876,-88.4068,41.0867,5.96,300,Tornado,#008000,2010-06-06,20,2010,9591.6664,215.4504242,14
1631,558,2010,6,5,2010-06-05,21:20:00,3,OH,39,4,28,7,5,0,2,0,102.4,0,-83.538,41.5512,-83.3709,41.5723,8.8,400,Tornado,#FF0000,2010-06-06,21,2010,14162.192,287.2672322,35
1637,643,2010,6,17,2010-06-17,14:43:00,3,MN,27,4,5,1,0,0,1,0,0,0,-95.437,46.087,-95.25,46.6147,39.56,2288,Tornado,#FF0000,2010-06-17,14,2010,63665.4904,1643.168568,6
1640,691,2010,6,17,2010-06-17,17:15:00,3,MN,27,3,2,1,0,0,1,0,0,0,-96.18,47.64,-96.0703,47.8522,15,150,Tornado,#FFAA00,2010-06-17,17,2010,24140.1,107.7252121,3
1642,697,2010,6,17,2010-06-17,17:33:00,3,MN,27,4,14,1,0,1,0,0,0,0,-93.6404,43.5755,-93.5181,43.8037,16.91,1760,Tornado,#FF0000,2010-06-17,17,2010,27213.9394,1263.975822,15
1649,816,2010,6,27,2010-06-27,17:06:00,3,MI,26,1,4,1,0,0,1,0,0.7,0,-82.6119,42.9943,-82.5544,42.9945,2.91,250,Tornado,#0000FF,2010-06-27,17,2010,4683.1794,179.5420202,5
1651,960,2010,7,26,2010-07-26,19:00:00,3,MT,30,3,1,2,2,0,0,0,0.3,0,-105.002,48.6597,-104.646,48.5476,18,880,Tornado,#FFAA00,2010-07-26,19,2010,28968.12,631.9879109,3
1655,1018,2010,8,12,2010-08-12,20:26:00,3,ND,38,3,1,1,0,0,1,0,1.2,0.25,-102.187,48.813,-102.077,48.8028,5.03,400,Tornado,#FFAA00,2010-08-13,20,2010,8094.9802,287.2672322,2
1659,1068,2010,9,16,2010-09-16,15:42:00,3,NY,36,1,1,1,0,0,1,0,0,0,-73.84,40.74,-73.76,40.8,4,100,Tornado,#0000FF,2010-09-16,15,2010,6437.36,71.81680806,2
1662,1078,2010,9,16,2010-09-16,18:00:00,3,OH,39,3,16,1,1,0,0,0,2.5,0,-81.7897,39.1571,-81.624,39.1108,9.05,500,Tornado,#FFAA00,2010-09-16,18,2010,14564.527,359.0840403,17
1681,1257,2010,12,31,2010-12-31,6:05:00,3,OK,40,3,10,4,0,3,1,0,1.935,0,-94.5655,35.9977,-94.2819,36.1979,21.1,500,Tornado,#FFAA00,2010-12-31,6,2010,33957.074,359.0840403,14
1683,1261,2010,12,31,2010-12-31,10:06:00,3,MO,29,3,6,2,0,2,0,0,1,0,-91.8018,37.9394,-91.6572,38.0438,11,500,Tornado,#FFAA00,2010-12-31,10,2010,17702.74,359.0840403,8
1684,1262,2010,12,31,2010-12-31,10:12:00,3,MO,29,1,0,2,0,2,0,0,0.5,0,-91.7129,37.7748,-91.6401,37.8541,6.78,440,Tornado,#0000FF,2010-12-31,10,2010,10911.3252,315.9939555,2
1685,1270,2010,12,31,2010-12-31,11:48:00,3,MO,29,3,6,1,0,0,1,0,1,0,-90.4706,38.4918,-90.386,38.5614,6.65,440,Tornado,#FFAA00,2010-12-31,11,2010,10702.111,315.9939555,7
1693,291036,2011,2,28,2011-02-28,12:18:00,3,TN,47,2,4,1,0,1,0,0,0.04,0,-86.105,35.3094,-86.33,35.27,16.1,600,Tornado,#008000,2011-02-28,12,2011,25910.374,430.9008484,5
1695,292185,2011,3,5,2011-03-05,9:51:00,3,LA,22,2,11,1,1,0,0,0,15,0,-92.3142,30.219,-92.2308,30.2901,6.99,250,Tornado,#008000,2011-03-05,9,2011,11249.2866,179.5420202,12
1705,295351,2011,4,5,2011-04-05,0:39:00,3,GA,13,2,2,1,0,1,0,0,0.15,0,-83.3234,32.2846,-83.2735,32.3011,3.13,50,Tornado,#008000,2011-04-05,0,2011,5037.2342,35.90840403,3
1711,285080,2011,4,14,2011-04-14,18:20:00,3,OK,40,3,40,2,0,2,0,0,0,0,-96.2509,34.2923,-96.0149,34.47,17,1320,Tornado,#FFAA00,2011-04-14,18,2011,27358.78,947.9818664,42
1715,289571,2011,4,15,2011-04-15,0:57:00,3,AR,5,1,2,2,0,0,2,0,38.5,0,-92.3773,34.7501,-92.3142,34.7738,3.94,475,Tornado,#0000FF,2011-04-15,0,2011,6340.7996,341.1298383,4
1721,310083,2011,4,15,2011-04-15,16:04:00,3,AL,1,3,4,1,0,1,0,0,3.99,0,-88.0057,32.1899,-87.8159,32.3431,15.33,800,Tornado,#FFAA00,2011-04-15,16,2011,24671.1822,574.5344645,5
1723,296776,2011,4,15,2011-04-15,18:45:00,3,MS,28,3,28,4,0,4,0,0,13.1,0,-88.6325,31.1311,-88.34,31.2168,18.3,500,Tornado,#FFAA00,2011-04-15,18,2011,29450.922,359.0840403,32
1724,311717,2011,4,15,2011-04-15,21:47:00,3,AL,1,3,4,3,0,3,0,0,1.24,0,-86.5818,32.5803,-86.4269,32.6126,9.29,400,Tornado,#FFAA00,2011-04-16,21,2011,14950.7686,287.2672322,7
1727,297611,2011,4,16,2011-04-16,12:53:00,3,NC,37,3,103,6,0,5,1,0,172.075,0,-79.313,35.3378,-78.4122,35.9527,65.23,500,Tornado,#FFAA00,2011-04-16,12,2011,104977.2482,359.0840403,109
1729,297254,2011,4,16,2011-04-16,13:33:00,3,NC,37,3,176,2,0,2,0,0,141.1,0,-79.1338,35.0164,-78.356,35.4919,52.86,800,Tornado,#FFAA00,2011-04-16,13,2011,85069.7124,574.5344645,178
1730,300477,2011,4,16,2011-04-16,14:25:00,3,NC,37,2,13,3,0,3,0,0,11.25,0,-78.6563,34.8417,-78.2282,35.0944,29.88,800,Tornado,#008000,2011-04-16,14,2011,48087.0792,574.5344645,16
1732,300502,2011,4,16,2011-04-16,14:58:00,3,NC,37,2,0,1,0,1,0,0,3.1,0,-78.7875,34.5398,-78.5981,34.6485,13.13,440,Tornado,#008000,2011-04-16,14,2011,21130.6342,315.9939555,1
1736,305437,2011,4,16,2011-04-16,16:45:00,3,VA,51,3,24,2,0,2,0,0,8.02,0,-76.704,37.1532,-76.4241,37.4636,46.89,800,Tornado,#FFAA00,2011-04-16,16,2011,75461.9526,574.5344645,26
1737,304929,2011,4,16,2011-04-16,16:55:00,3,NC,37,3,58,12,10,2,0,0,3.25,1.2,-76.9502,36.087,-76.7461,36.2861,17.88,1300,Tornado,#FFAA00,2011-04-16,16,2011,28774.9992,933.6185048,70
1750,289592,2011,4,25,2011-04-25,17:07:00,3,AR,5,3,20,1,1,0,0,0,23,0,-93.039,34.5903,-92.8,34.733,16.78,300,Tornado,#FFAA00,2011-04-25,17,2011,27004.7252,215.4504242,21
1751,289605,2011,4,25,2011-04-25,17:48:00,3,AR,5,2,16,4,0,2,2,0,53.405,0,-92.6075,34.8057,-91.9473,35.3098,68.1,2900,Tornado,#008000,2011-04-25,17,2011,109596.054,2082.687434,20
1759,309824,2011,4,27,2011-04-27,1:37:00,3,MS,28,2,5,1,0,1,0,0,0.605,0.6,-89.2547,33.5092,-89.0735,33.6384,13.33,1320,Tornado,#008000,2011-04-27,1,2011,21452.5022,947.9818664,6
1764,302192,2011,4,27,2011-04-27,4:48:00,3,AL,1,2,0,1,0,0,1,0,0,0,-87.0472,33.9176,-86.6104,34.1656,30.32,880,Tornado,#008000,2011-04-27,4,2011,48795.1888,631.9879109,1
1769,308979,2011,4,27,2011-04-27,5:58:00,3,AL,1,1,0,1,0,1,0,0,0,0,-85.9678,34.5735,-85.5984,34.8376,27.85,300,Tornado,#0000FF,2011-04-27,5,2011,44820.119,215.4504242,1
1772,300746,2011,4,27,2011-04-27,13:02:00,3,TN,47,1,0,1,0,0,1,0,0.125,0,-85.07,35.04,-84.859,35.197,17,120,Tornado,#0000FF,2011-04-27,13,2011,27358.78,86.18016967,1
1773,309257,2011,4,27,2011-04-27,13:30:00,3,MS,28,5,6,3,0,3,0,0,0.7,0,-89.1088,32.7992,-88.6974,33.0202,28.28,900,Tornado,#FF00FF,2011-04-27,13,2011,45512.1352,646.3512725,9
1774,301943,2011,4,27,2011-04-27,13:40:00,3,AL,1,4,48,6,6,0,0,0,0,0,-87.0097,34.0757,-86.3628,34.4935,46.88,880,Tornado,#FF0000,2011-04-27,13,2011,75445.8592,631.9879109,54
1775,310930,2011,4,27,2011-04-27,13:48:00,3,MS,28,3,25,4,3,0,1,0,3.27,0,-89.3164,33.7114,-88.5035,34.022,51.45,1320,Tornado,#FFAA00,2011-04-27,13,2011,82800.543,947.9818664,29
1776,309488,2011,4,27,2011-04-27,14:05:00,3,AL,1,5,145,72,21,13,12,26,1290,0,-88.1479,34.1043,-86.1511,35.0857,132,2200,Tornado,#FF00FF,2011-04-27,14,2011,212432.88,1579.969777,217
1778,307109,2011,4,27,2011-04-27,14:40:00,3,AL,1,4,54,13,7,6,0,0,170.344,0,-88.1814,33.2506,-86.3491,34.2831,127.8,1408,Tornado,#FF0000,2011-04-27,14,2011,205673.652,1011.180657,67
1779,303562,2011,4,27,2011-04-27,14:42:00,3,MS,28,5,137,23,16,0,0,7,14.4,0,-88.445,34.0455,-87.8924,34.3226,37.1,1320,Tornado,#FF00FF,2011-04-27,14,2011,59706.514,947.9818664,160
1781,301925,2011,4,27,2011-04-27,15:01:00,3,AL,1,4,50,14,6,0,2,6,25,0,-85.9814,34.6208,-85.2666,34.9531,46.98,1260,Tornado,#FF0000,2011-04-27,15,2011,75606.7932,904.8917816,64
1782,314625,2011,4,27,2011-04-27,15:43:00,3,AL,1,4,1500,64,42,8,14,0,2450,0,-87.935,33.0297,-86.7436,33.6311,80.68,2600,Tornado,#FF0000,2011-04-27,15,2011,129841.5512,1867.23701,1564
1783,301882,2011,4,27,2011-04-27,16:05:00,3,AL,1,4,0,1,0,0,1,0,0.03,0,-85.909,34.7948,-85.5,35.07,30.24,1320,Tornado,#FF0000,2011-04-27,16,2011,48666.4416,947.9818664,1
1786,294036,2011,4,27,2011-04-27,16:28:00,3,TN,47,2,0,4,4,0,0,0,0.65,0,-84.95,35.08,-84.511,35.2973,27.95,250,Tornado,#008000,2011-04-27,16,2011,44981.053,179.5420202,4
1787,314725,2011,4,27,2011-04-27,16:30:00,3,AL,1,3,50,7,0,6,1,0,36,0,-88.0543,32.6152,-86.9898,33.1524,72.13,1760,Tornado,#FFAA00,2011-04-27,16,2011,116081.6942,1263.975822,57
1788,311079,2011,4,27,2011-04-27,16:42:00,3,MS,28,4,17,7,0,7,0,0,25.813,2.1,-89.5042,32.0296,-87.4942,32.4829,122.04,1050,Tornado,#FF0000,2011-04-27,16,2011,196403.8536,754.0764846,24
1790,301829,2011,4,27,2011-04-27,17:19:00,3,AL,1,5,0,25,2,0,0,23,0.15,0,-85.9784,34.3907,-85.5241,34.7661,36.63,1320,Tornado,#FF00FF,2011-04-27,17,2011,58950.1242,947.9818664,25
1791,314829,2011,4,27,2011-04-27,17:28:00,3,AL,1,4,85,22,11,8,3,0,366.755,0,-86.5699,33.6792,-84.99,34.19,97.33,1760,Tornado,#FF0000,2011-04-27,17,2011,156637.0622,1263.975822,107
1792,305268,2011,4,27,2011-04-27,18:15:00,3,GA,13,4,335,20,16,4,0,0,68.25,0,-85.1785,34.8744,-84.6,35.37,48,800,Tornado,#FF0000,2011-04-27,18,2011,77248.32,574.5344645,355
1793,303871,2011,4,27,2011-04-27,18:38:00,3,VA,51,2,7,1,0,1,0,0,0,0,-79.0945,36.7825,-78.8786,36.9796,18.1,350,Tornado,#008000,2011-04-27,18,2011,29129.054,251.3588282,8
1794,315331,2011,4,27,2011-04-27,19:12:00,3,AL,1,4,30,7,3,4,0,0,167,0,-86.193,32.6174,-85.523,32.9196,44.18,880,Tornado,#FF0000,2011-04-27,19,2011,71100.6412,631.9879109,37
1797,300459,2011,4,27,2011-04-27,20:06:00,3,TN,47,4,12,4,0,2,2,0,17.25,0,-85.42,35.34,-84.87,35.68,40.16,880,Tornado,#FF0000,2011-04-28,20,2011,64631.0944,631.9879109,16
1798,306267,2011,4,27,2011-04-27,20:30:00,3,GA,13,3,1,1,0,0,0,1,5.85,0,-83.9427,34.6656,-83.379,34.9267,36.99,900,Tornado,#FFAA00,2011-04-28,20,2011,59529.4866,646.3512725,2
1801,347518,2011,4,27,2011-04-27,20:51:00,3,TN,47,3,33,6,5,1,0,0,8.01,0,-82.808,36.035,-82.573,36.15,15.8,1500,Tornado,#FFAA00,2011-04-28,20,2011,25427.572,1077.252121,39
1803,297650,2011,4,27,2011-04-27,21:45:00,3,TN,47,2,0,2,2,0,0,0,1,0,-81.99,36.39,-81.82,36.5,12,250,Tornado,#008000,2011-04-28,21,2011,19312.08,179.5420202,2
1804,306606,2011,4,27,2011-04-27,21:59:00,3,GA,13,3,0,2,0,2,0,0,25.4,0,-84.5806,33.1663,-84.2664,33.3573,21.68,880,Tornado,#FFAA00,2011-04-28,21,2011,34890.4912,631.9879109,2
1805,306882,2011,4,27,2011-04-27,22:38:00,3,GA,13,3,22,2,2,0,0,0,15.04,0,-84.321,32.9958,-83.846,33.2,30.82,1056,Tornado,#FFAA00,2011-04-28,22,2011,49599.8588,758.3854931,24
1806,297632,2011,4,27,2011-04-27,22:40:00,3,TN,47,3,70,2,2,0,0,0,8,0,-82.702,36.106,-82.491,36.205,13.6,1000,Tornado,#FFAA00,2011-04-28,22,2011,21887.024,718.1680806,72
1807,298380,2011,4,27,2011-04-27,23:01:00,3,VA,51,3,50,3,1,2,0,0,5.25,0.5,-81.95,36.65,-81.684,36.838,19.63,1320,Tornado,#FFAA00,2011-04-28,23,2011,31591.3442,947.9818664,53
1810,295476,2011,5,21,2011-05-21,20:10:00,3,KS,20,3,5,1,0,1,0,0,2.28,0,-96.0036,38.5053,-95.839,38.574,10.11,700,Tornado,#FFAA00,2011-05-22,20,2011,16270.4274,502.7176564,6
1811,294080,2011,5,22,2011-05-22,13:13:00,3,MN,27,1,48,1,0,0,1,0,166.62,0,-93.3472,44.9597,-93.2137,45.1317,13.57,880,Tornado,#0000FF,2011-05-22,13,2011,21838.7438,631.9879109,49
1814,296616,2011,5,22,2011-05-22,16:34:00,3,MO,29,5,1150,158,65,2,81,10,2800.1,0,-94.5932,37.0524,-94.2213,36.9838,21.62,1600,Tornado,#FF00FF,2011-05-22,16,2011,34793.9308,1149.068929,1308
1819,315803,2011,5,24,2011-05-24,14:20:00,3,OK,40,3,2,1,0,0,1,0,0,0,-98.644,36.059,-98.583,36.235,13.2,880,Tornado,#FFAA00,2011-05-24,14,2011,21243.288,631.9879109,3
1820,315837,2011,5,24,2011-05-24,14:50:00,3,OK,40,5,181,9,2,0,7,0,0,0,-98.287,35.444,-97.356,35.921,63.1,1760,Tornado,#FF00FF,2011-05-24,14,2011,101549.354,1263.975822,190
1821,328740,2011,5,24,2011-05-24,15:52:00,3,KS,20,2,1,2,0,0,0,2,0,0,-98.705,38.153,-98.8151,38.2947,11.81,500,Tornado,#008000,2011-05-24,15,2011,19006.3054,359.0840403,3
1822,315858,2011,5,24,2011-05-24,16:06:00,3,OK,40,4,48,1,0,1,0,0,0,0,-97.961,35.008,-97.571,35.311,33.3,880,Tornado,#FF0000,2011-05-24,16,2011,53591.022,631.9879109,49
1827,312994,2011,5,24,2011-05-24,22:53:00,3,AR,5,4,27,4,0,4,0,0,9.075,0,-93.9515,35.2781,-93.3195,35.691,45.71,2200,Tornado,#FF0000,2011-05-25,22,2011,73562.9314,1579.969777,31
1828,308464,2011,5,24,2011-05-24,23:25:00,3,AR,5,3,4,1,1,0,0,0,13.025,0,-93.5302,35.4227,-93.1245,35.682,29.01,1430,Tornado,#FFAA00,2011-05-25,23,2011,46686.9534,1026.980355,5
1833,323440,2011,6,1,2011-06-01,14:17:00,3,MA,25,3,200,3,1,1,1,0,227.6,0,-72.75,42.1,-71.99,42.1045,37.58,880,Tornado,#FFAA00,2011-06-01,14,2011,60478.9972,631.9879109,203
1840,340623,2011,8,10,2011-08-10,2:32:00,3,OK,40,2,2,1,0,1,0,0,0,0,-95.138,36.1393,-95.0731,36.1879,5,400,Tornado,#008000,2011-08-10,2,2011,8046.7,287.2672322,3
1841,324661,2011,8,19,2011-08-19,15:45:00,3,WI,55,1,0,1,0,1,0,0,0.125,0,-87.987,45.4026,-87.8515,45.3401,7.9,250,Tornado,#0000FF,2011-08-19,15,2011,12713.786,179.5420202,1
1851,354821,2011,11,16,2011-11-16,16:32:00,3,SC,45,2,5,3,0,2,1,0,1,0,-81.18,34.82,-81.094,34.8655,5.8,200,Tornado,#008000,2011-11-16,16,2011,9334.172,143.6336161,8
1852,351147,2011,11,16,2011-11-16,17:05:00,3,NC,37,2,15,2,2,0,0,0,20.5,0,-80.2103,35.7321,-80.053,35.8033,12.51,200,Tornado,#008000,2011-11-16,17,2011,20132.8434,143.6336161,17
1860,362779,2012,1,23,2012-01-23,3:09:00,3,AL,1,2,1,1,0,1,0,0,0,0,-87.3071,33.4316,-87.1405,33.529,13.13,880,Tornado,#008000,2012-01-23,3,2012,21130.6342,631.9879109,2
1861,364295,2012,1,23,2012-01-23,3:58:00,3,AL,1,3,75,1,1,0,0,0,0,0,-86.7411,33.6228,-86.4963,33.7197,15.69,800,Tornado,#FFAA00,2012-01-23,3,2012,25250.5446,574.5344645,76
1863,359087,2012,2,28,2012-02-28,21:02:00,3,KS,20,2,12,1,1,0,0,0,0,0,-95.9822,38.7815,-95.8903,38.8125,5.4,150,Tornado,#008000,2012-02-29,21,2012,8690.436,107.7252121,13
1864,364185,2012,2,28,2012-02-28,23:58:00,3,MO,29,2,12,1,0,1,0,0,0.65,0,-93.1902,37.55,-93.05,37.6306,9.5,100,Tornado,#008000,2012-02-29,23,2012,15288.73,71.81680806,13
1866,363341,2012,2,29,2012-02-29,0:42:00,3,MO,29,2,4,1,0,1,0,0,0.575,0,-93.9178,36.6994,-93.8869,36.7053,1.7,400,Tornado,#008000,2012-02-29,0,2012,2735.878,287.2672322,5
1870,359709,2012,2,29,2012-02-29,4:00:00,3,MO,29,3,0,1,0,1,0,0,0.15,0,-90.1891,36.9,-89.8663,37.03,19.96,700,Tornado,#FFAA00,2012-02-29,4,2012,32122.4264,502.7176564,1
1871,359691,2012,2,29,2012-02-29,4:51:00,3,IL,17,4,108,8,8,0,0,0,2,0,-88.65,37.6945,-88.1926,37.7996,26.09,325,Tornado,#FF0000,2012-02-29,4,2012,41987.6806,233.4046262,116
1876,362592,2012,2,29,2012-02-29,15:46:00,3,TN,47,1,0,1,1,0,0,0,0.7,0,-85.8529,35.9724,-85.5933,36.017,14.84,200,Tornado,#0000FF,2012-02-29,15,2012,23882.6056,143.6336161,1
1877,362596,2012,2,29,2012-02-29,16:30:00,3,TN,47,2,7,2,1,1,0,0,1,0,-85.1102,36.0887,-85.0053,36.1171,6.18,300,Tornado,#008000,2012-02-29,16,2012,9945.7212,215.4504242,9
1881,359896,2012,3,2,2012-03-02,13:50:00,3,IN,18,4,0,11,5,6,0,0,58.75,0,-86.1893,38.4316,-85.2632,38.6579,45.05,800,Tornado,#FF0000,2012-03-02,13,2012,72500.767,574.5344645,11
1882,369148,2012,3,2,2012-03-02,14:52:00,3,IN,18,3,5,3,1,2,0,0,0.275,0,-85.407,39.0667,-85.2562,39.1127,8.69,350,Tornado,#FFAA00,2012-03-02,14,2012,13985.1646,251.3588282,8
1883,369205,2012,3,2,2012-03-02,15:23:00,3,KY,21,4,8,4,0,0,4,0,20.5,0,-84.633,38.791,-84.4541,38.8209,9.85,880,Tornado,#FF0000,2012-03-02,15,2012,15851.999,631.9879109,12
1885,369380,2012,3,2,2012-03-02,15:39:00,3,KY,21,3,13,3,1,2,0,0,9.16,0,-84.353,38.835,-83.9863,38.8978,20.41,440,Tornado,#FFAA00,2012-03-02,15,2012,32846.6294,315.9939555,16
1886,370174,2012,3,2,2012-03-02,16:33:00,3,OH,39,2,2,1,0,1,0,0,2,0.025,-83.5182,38.811,-83.3163,38.8417,11.07,330,Tornado,#008000,2012-03-02,16,2012,17815.3938,236.9954666,3
1887,368695,2012,3,2,2012-03-02,16:39:00,3,KY,21,3,118,10,1,6,1,2,81.475,0,-83.6146,37.905,-82.0796,38.1163,84.99,1580,Tornado,#FFAA00,2012-03-02,16,2012,136777.8066,1134.705567,128
1889,368709,2012,3,2,2012-03-02,17:50:00,3,KY,21,3,37,2,0,2,0,0,37.09,0,-83.2745,37.7012,-82.382,37.8345,49.04,1320,Tornado,#FFAA00,2012-03-02,17,2012,78922.0336,947.9818664,39
1890,368708,2012,3,2,2012-03-02,18:04:00,3,KY,21,2,40,6,0,6,0,0,5,0,-84.2114,37.1954,-84.0918,37.2358,7.15,310,Tornado,#008000,2012-03-02,18,2012,11506.781,222.632105,46
1894,374385,2012,3,2,2012-03-02,22:40:00,3,AL,1,2,4,1,0,1,0,0,0,0,-85.9669,32.8666,-85.4057,33.0109,34.04,1000,Tornado,#008000,2012-03-03,22,2012,54781.9336,718.1680806,5
1902,374200,2012,3,23,2012-03-23,12:26:00,3,IL,17,2,2,1,0,1,0,0,0.15,0,-88.814,38.273,-88.7929,38.3064,2.58,100,Tornado,#008000,2012-03-23,12,2012,4152.0972,71.81680806,3
1911,378787,2012,4,14,2012-04-14,22:42:00,3,OK,40,3,29,6,0,4,2,0,0,0,-99.7837,36.1133,-99.39,36.4879,34,400,Tornado,#FFAA00,2012-04-15,22,2012,54717.56,287.2672322,35
1921,384508,2012,6,4,2012-06-04,19:44:00,3,MO,29,2,0,3,0,3,0,0,0.1,0,-89.43,36.9736,-89.43,36.9664,0.5,75,Tornado,#008000,2012-06-04,19,2012,804.67,53.86260605,3
1924,379209,2012,6,24,2012-06-24,10:23:00,3,FL,12,0,0,1,1,0,0,0,0.015,0,-81.36,27.04,-81.3455,27.1413,3.45,150,Tornado,#888888,2012-06-24,10,2012,5552.223,107.7252121,1
1948,428260,2013,1,30,2013-01-30,10:12:00,3,GA,13,3,17,1,0,1,0,0,75,0,-84.9527,34.3411,-84.7313,34.5981,21.78,900,Tornado,#FFAA00,2013-01-30,10,2013,35051.4252,646.3512725,18
1952,428124,2013,2,21,2013-02-21,13:10:00,3,TX,48,1,2,1,0,1,0,0,0.25,0,-93.9751,31.3157,-93.9072,31.3442,4.47,150,Tornado,#0000FF,2013-02-21,13,2013,7193.7498,107.7252121,3
1957,439748,2013,4,11,2013-04-11,10:35:00,3,MS,28,3,9,1,0,0,1,0,1.2,0,-88.8665,32.6393,-88.1995,33.4142,66.35,1320,Tornado,#FFAA00,2013-04-11,10,2013,106779.709,947.9818664,10
1965,443090,2013,5,15,2013-05-15,18:58:00,3,TX,48,4,54,6,0,6,0,0,143,0,-97.754,32.412,-97.7243,32.438,2.5,400,Tornado,#FF0000,2013-05-15,18,2013,4023.35,287.2672322,60
1971,451505,2013,5,19,2013-05-19,17:00:00,3,OK,40,4,10,2,0,1,1,0,0,0,-97.3001,35.2531,-96.981,35.423,23,1500,Tornado,#FF0000,2013-05-19,17,2013,37014.82,1077.252121,12
1972,451537,2013,5,20,2013-05-20,13:56:00,3,OK,40,5,212,24,13,0,11,0,2000,0,-97.628,35.284,-97.3999,35.341,13.85,1900,Tornado,#FF00FF,2013-05-20,13,2013,22289.359,1364.519353,236
1982,444340,2013,5,30,2013-05-30,20:36:00,3,AR,5,1,0,1,0,0,1,0,0.025,0,-92.5823,34.4355,-92.5761,34.4363,0.36,200,Tornado,#0000FF,2013-05-31,20,2013,579.3624,143.6336161,1
1984,453682,2013,5,31,2013-05-31,17:03:00,3,OK,40,3,26,8,0,0,8,0,0.3,0,-98.096,35.485,-97.848,35.502,16.2,4576,Tornado,#FFAA00,2013-05-31,17,2013,26071.308,3286.337137,34
1994,462311,2013,6,24,2013-06-24,14:08:00,3,IA,19,1,0,1,0,0,1,0,0.5,0,-91.0841,41.4456,-90.9698,41.4636,6.5,100,Tornado,#0000FF,2013-06-24,14,2013,10460.71,71.81680806,1
2004,483775,2013,11,17,2013-11-17,10:59:00,3,IL,17,4,125,3,3,0,0,0,935.225,0,-89.5678,40.622,-88.8439,41.0063,46.36,880,Tornado,#FF0000,2013-11-17,10,2013,74609.0024,631.9879109,128
2005,482450,2013,11,17,2013-11-17,12:04:00,3,IL,17,4,2,2,2,0,0,0,0,0,-89.45,38.42,-89.27,38.48,10.59,200,Tornado,#FF0000,2013-11-17,12,2013,17042.9106,143.6336161,4
2011,480993,2013,11,17,2013-11-17,14:05:00,3,KY,21,3,34,3,0,3,0,0,6.76,0,-88.8781,37.098,-88.1092,37.1205,42.5,500,Tornado,#FFAA00,2013-11-17,14,2013,68396.95,359.0840403,37
2017,484464,2013,12,21,2013-12-21,15:13:00,3,AR,5,2,3,1,0,0,0,1,0.5,0,-90.559,34.907,-90.415,35.099,15.57,300,Tornado,#008000,2013-12-21,15,2013,25057.4238,215.4504242,4
2019,484469,2013,12,21,2013-12-21,17:19:00,3,MS,28,2,2,1,0,0,0,1,1,0,-90.767,34.149,-90.607,34.21,10.07,300,Tornado,#008000,2013-12-21,17,2013,16206.0538,215.4504242,3
2033,512776,2014,4,25,2014-04-25,17:20:00,3,NC,37,2,1,1,1,0,0,0,2.105,0,-76.74,36.054,-76.036,36.348,37.48,400,Tornado,#008000,2014-04-25,17,2014,60318.0632,287.2672322,2
2036,503591,2014,4,27,2014-04-27,14:20:00,3,IA,19,1,0,2,0,0,2,0,0.025,0,-92.3117,41.1325,-91.7825,41.6601,45.68,1600,Tornado,#0000FF,2014-04-27,14,2014,73514.6512,1149.068929,2
2037,505204,2014,4,27,2014-04-27,16:29:00,3,OK,40,2,37,1,0,0,1,0,13,0,-94.8215,36.912,-94.7147,37.0525,11.37,325,Tornado,#008000,2014-04-27,16,2014,18298.1958,233.4046262,38
2038,504758,2014,4,27,2014-04-27,18:06:00,3,AR,5,4,193,16,13,2,1,0,223.45,0,-92.652,34.7787,-92.0787,35.1415,41.1,1320,Tornado,#FF0000,2014-04-27,18,2014,66143.874,947.9818664,209
2041,508155,2014,4,28,2014-04-28,14:51:00,3,MS,28,4,84,10,9,1,0,0,116.7,9.45,-89.43,32.88,-89.0028,33.1893,33.39,1320,Tornado,#FF0000,2014-04-28,14,2014,53735.8626,947.9818664,94
2042,505288,2014,4,28,2014-04-28,15:47:00,3,AL,1,3,30,2,0,2,0,0,0,0,-87.2324,34.7753,-86.9633,34.8184,15.56,600,Tornado,#FFAA00,2014-04-28,15,2014,25041.3304,430.9008484,32
2045,508387,2014,4,28,2014-04-28,17:27:00,3,MS,28,3,10,1,0,0,1,0,13.084,0.2,-90.2225,32.2291,-89.7269,32.3269,29.72,400,Tornado,#FFAA00,2014-04-28,17,2014,47829.5848,287.2672322,11
2048,505228,2014,4,28,2014-04-28,19:09:00,3,TN,47,3,0,2,0,2,0,0,0,0,-86.5497,35.0066,-86.3366,35.254,26.76,500,Tornado,#FFAA00,2014-04-28,19,2014,43065.9384,359.0840403,2
2064,514014,2014,6,16,2014-06-16,15:00:00,3,NE,31,4,20,1,0,1,0,0,14,0.25,-97.1369,41.9528,-96.8492,42.122,23.94,500,Tornado,#FF0000,2014-06-16,15,2014,38527.5996,359.0840403,21
2065,514026,2014,6,16,2014-06-16,15:13:00,3,NE,31,4,0,1,0,0,1,0,1.125,0.25,-97.04,41.9742,-96.9439,42.117,11.5,500,Tornado,#FF0000,2014-06-16,15,2014,18507.41,359.0840403,1
2071,520552,2014,7,8,2014-07-08,17:02:00,3,NY,36,2,0,4,1,3,0,0,0.6,0,-75.64,42.99,-75.64,42.99,2.5,235,Tornado,#008000,2014-07-08,17,2014,4023.35,168.7694989,4
2078,543173,2014,10,13,2014-10-13,4:37:00,3,AR,5,2,4,1,0,1,0,0,0.2,0,-94.2303,33.6617,-94.2685,33.6794,2.51,400,Tornado,#008000,2014-10-13,4,2014,4039.4434,287.2672322,5
2081,552175,2014,12,23,2014-12-23,14:20:00,3,MS,28,3,50,3,0,1,2,0,25,0,-89.8331,31.2273,-89.6546,31.3248,12.51,880,Tornado,#FFAA00,2014-12-23,14,2014,20132.8434,631.9879109,53
2082,552705,2014,12,23,2014-12-23,15:22:00,3,MS,28,2,0,2,0,2,0,0,2.2,0,-89.2239,31.6986,-89.1538,31.7595,5.89,350,Tornado,#008000,2014-12-23,15,2014,9479.0126,251.3588282,2
2086,560160,2015,3,25,2015-03-25,16:21:00,3,OK,40,2,30,1,0,1,0,0,2.1,0,-96.302,36.1832,-96.1167,36.1332,11.1,800,Tornado,#008000,2015-03-25,16,2015,17863.674,574.5344645,31
2089,574336,2015,4,9,2015-04-09,17:39:00,3,IL,17,4,11,2,2,0,0,0,19,0,-89.2896,41.853,-88.8796,42.1623,30.14,700,Tornado,#FF0000,2015-04-09,17,2015,48505.5076,502.7176564,13
2095,575796,2015,5,9,2015-05-09,15:32:00,3,TX,48,3,2,1,0,1,0,0,0.3,0.1,-99.0133,32.3032,-98.9489,32.3098,3.79,1400,Tornado,#FFAA00,2015-05-09,15,2015,6099.3986,1005.435313,3
2097,570339,2015,5,10,2015-05-10,19:46:00,3,TX,48,3,43,2,0,2,0,0,40,0,-95.619,32.4095,-95.6329,32.5569,10.22,700,Tornado,#FFAA00,2015-05-10,19,2015,16447.4548,502.7176564,45
2098,566748,2015,5,10,2015-05-10,22:18:00,3,AR,5,2,8,2,0,2,0,0,1.5,0,-93.8659,33.9311,-93.8617,34.028,6.7,400,Tornado,#008000,2015-05-11,22,2015,10782.578,287.2672322,10
2106,582549,2015,5,25,2015-05-25,13:42:00,3,OK,40,3,1,1,0,1,0,0,0,0,-96.2684,33.983,-96.1856,34.2308,18.8,700,Tornado,#FFAA00,2015-05-25,13,2015,30255.592,502.7176564,2
2107,575884,2015,5,25,2015-05-25,14:55:00,3,TX,48,2,6,1,0,1,0,0,0.7,0.06,-97.1175,30.8154,-97.0235,30.9154,8.88,400,Tornado,#008000,2015-05-25,14,2015,14290.9392,287.2672322,7
2134,607010,2015,12,23,2015-12-23,14:54:00,3,MS,28,3,28,2,0,2,0,0,2.354,0,-90.71,34,-89.8379,34.5175,61.57,800,Tornado,#FFAA00,2015-12-23,14,2015,99087.0638,574.5344645,30
2135,610234,2015,12,23,2015-12-23,16:10:00,3,MS,28,4,36,9,4,4,1,0,10.922,0,-89.7055,34.5955,-88.5666,35.1496,75.09,1300,Tornado,#FF0000,2015-12-23,16,2015,120845.3406,933.6185048,45
2136,607144,2015,12,23,2015-12-23,18:18:00,3,TN,47,2,0,2,2,0,0,0,1,1,-87.8145,35.5499,-87.5841,35.6573,14.92,500,Tornado,#008000,2015-12-23,18,2015,24011.3528,359.0840403,2
2141,606471,2015,12,26,2015-12-26,18:46:00,3,TX,48,4,468,10,1,0,9,0,26.8,0,-96.5894,32.796,-96.495,32.9669,13.04,550,Tornado,#FF0000,2015-12-26,18,2015,20985.7936,394.9924443,478
2142,606480,2015,12,26,2015-12-26,19:09:00,3,TX,48,2,119,2,0,0,2,0,1.4,0,-96.434,33.0607,-96.4019,33.1324,5.29,300,Tornado,#008000,2015-12-27,19,2015,8513.4086,215.4504242,121
2143,606484,2015,12,26,2015-12-26,19:33:00,3,TX,48,1,2,1,0,1,0,0,0.6,0,-96.3546,33.2718,-96.3322,33.3448,5.21,100,Tornado,#0000FF,2015-12-27,19,2015,8384.6614,71.81680806,3
2146,613500,2016,1,17,2016-01-17,2:35:00,3,FL,12,2,4,2,0,2,0,0,150000,0,-82.219,27.538,-82.126,27.642,9.2,300,Tornado,#008000,2016-01-17,2,2016,14805.928,215.4504242,6
2153,613559,2016,2,23,2016-02-23,15:31:00,3,LA,22,2,75,2,0,2,0,0,0,0,-90.9632,30.0408,-90.7697,30.125,12.95,350,Tornado,#008000,2016-02-23,15,2016,20840.953,251.3588282,77
2154,613565,2016,2,23,2016-02-23,16:15:00,3,MS,28,2,0,1,0,1,0,0,105000,0,-89.5159,31.1157,-89.4608,31.1822,5.63,100,Tornado,#008000,2016-02-23,16,2016,9060.5842,71.81680806,1
2158,613600,2016,2,24,2016-02-24,13:31:00,3,VA,51,1,8,3,0,3,0,0,2615000,0,-77.1234,36.9922,-77.0583,37.1094,8.86,300,Tornado,#0000FF,2016-02-24,13,2016,14258.7524,215.4504242,11
2159,613604,2016,2,24,2016-02-24,14:28:00,3,VA,51,3,7,1,0,0,1,0,11200000,0,-78.8576,37.2318,-78.648,37.403,16.89,400,Tornado,#FFAA00,2016-02-24,14,2016,27181.7526,287.2672322,8
2171,613794,2016,4,27,2016-04-27,3:43:00,3,TX,48,0,0,1,0,1,0,0,2.00E+05,0,-95.5511,30.0982,-95.545,30.096,0.41,40,Tornado,#888888,2016-04-27,3,2016,659.8294,28.72672322,1
2176,613862,2016,5,9,2016-05-09,15:06:00,3,OK,40,4,0,1,1,0,0,0,1.00E+06,0,-97.357,34.559,-97.21,34.589,8.9,400,Tornado,#FF0000,2016-05-09,15,2016,14323.126,287.2672322,1
2177,613872,2016,5,9,2016-05-09,16:18:00,3,OK,40,3,0,1,1,0,0,0,250000,0,-96.638,34.391,-96.484,34.42,9.06,700,Tornado,#FFAA00,2016-05-09,16,2016,14580.6204,502.7176564,1
2199,614436,2016,11,30,2016-11-30,0:02:00,3,AL,1,3,9,4,1,3,0,0,0,0,-85.78,34.69,-85.57,34.78,13.48,206,Tornado,#FFAA00,2016-11-30,0,2016,21693.9032,147.9426246,13
2201,614439,2016,11,30,2016-11-30,1:28:00,3,TN,47,3,0,2,0,2,0,0,0,0,-84.7264,35.1109,-84.6711,35.1598,4.6,155,Tornado,#FFAA00,2016-11-30,1,2016,7402.964,111.3160525,2